world66_path,world66_title,wikivoyage_title,world66_pois,wikivoyage_listings,wv_type,wv_name,candidate_score,candidate_status,reason,wv_lat,wv_lng,best_w66_title,best_w66_path,best_match_score,best_distance_km,parent_distance_km,candidate_flags,external_url,source_url
europe/romania/curtea_de_arges,Curtea de Arges,Curtea de Argeș,4,17,see,Norocea House,0.93,candidate,has coordinates; has description; high-value type; has external URL; strong travel term,45.14378,24.674644,Royal Tombs at Curtea de Argeș Monastery,europe/romania/curtea_de_arges/kings_and_queens,0.404,0.596,0.391,has_external_url,https://transfagarasan.travel/ghid/en/locatie/dumitru-norocea-memorial-house/,https://en.wikivoyage.org/wiki/Curtea_de_Arge%C8%99
europe/unitedkingdom/scotland/glasgow,Glasgow,Glasgow,32,184,do,Tramway,0.93,candidate,has coordinates; has description; high-value type; has external URL; strong travel term,55.841,-4.2674,The Barras Market,europe/unitedkingdom/scotland/glasgow/barras_market,0.4,2.431,2.486,has_external_url,https://www.tramway.org/,https://en.wikivoyage.org/wiki/Glasgow
europe/hungary/pecs,Pécs,Pécs,9,63,do,Puppet Theatre,0.93,candidate,has coordinates; has description; high-value type; has external URL; strong travel term,46.07865,18.24678,Pécs Cathedral,europe/hungary/pecs/pecs_cathedral,0.429,1.788,1.518,has_external_url,http://www.bobita.hu,https://en.wikivoyage.org/wiki/P%C3%A9cs
europe/andorra/andorralavella,Andorra la Vella,Andorra la Vella,4,44,see,The Carmen Thyssen Andorra Museum,0.93,candidate,has coordinates; has description; high-value type; has external URL; strong travel term,42.508499,1.537526,Molí dels Fanals,europe/andorra/moli_dels_fanals,0.364,3.344,1.312,has_external_url,https://museucarmenthyssenandorra.ad,https://en.wikivoyage.org/wiki/Andorra_la_Vella
europe/ireland/monaghan,Monaghan,Monaghan,6,14,do,Garage Theatre,0.93,candidate,has coordinates; has description; high-value type; has external URL; strong travel term,54.2628,-6.951,St Macartan's Cathedral,europe/ireland/monaghan/st_macartans_cathedral,0.432,2.1,1.964,has_external_url,https://www.garagetheatre.com,https://en.wikivoyage.org/wiki/Monaghan
europe/hungary/szeged,Szeged,Szeged,7,61,see,St. Michael's Church of Tápéi,0.93,candidate,has coordinates; has description; high-value type; has external URL; strong travel term,46.25813,20.20108,Votive Church,europe/hungary/szeged/votive_church,0.488,4.126,4.053,has_external_url,http://www.szeged-csanad.egyhazmegye.hu/tape.htm,https://en.wikivoyage.org/wiki/Szeged
europe/poland/szczecin,Szczecin,Szczecin,9,62,see,Museum of Technology,0.93,candidate,has coordinates; has description; high-value type; has external URL; strong travel term,53.4481,14.5406,National Museum Szczecin,europe/poland/szczecin/national_museum_szczecin,0.455,2.227,2.107,has_external_url,https://muzeumtechniki.eu/en/,https://en.wikivoyage.org/wiki/Szczecin
europe/ireland/ennis,Ennis,Ennis,8,15,see,Knappogue Castle,0.93,candidate,has coordinates; has description; high-value type; has external URL; strong travel term,52.7941,-8.8318,Ennis Cathedral,europe/ireland/ennis/ennis_cathedral,0.387,11.469,11.595,has_external_url,https://www.knappoguecastle.ie/,https://en.wikivoyage.org/wiki/Ennis
asia/china/hainanisland/wuzhishan,Wuzhishan,Wuzhishan,4,11,do,Red Canyon,0.93,candidate,has coordinates; has description; high-value type; has external URL; strong travel term,18.760617,109.641966,Yahu Terraced Rice Fields,asia/china/hainanisland/wuzhishan/yahu_terraced_fields,0.286,11.719,13.861,has_external_url,http://www.wzshxg.com/?_l=en,https://en.wikivoyage.org/wiki/Wuzhishan
northamerica/unitedstates/newyorkstate/lakegeorge,Lake George,Lake George,0,22,do,Million Dollar Beach,0.93,candidate,has coordinates; has description; high-value type; has external URL; strong travel term,43.417825,-73.70335,,,0.0,,1.166,has_external_url,https://www.lakegeorge.com/beaches/,https://en.wikivoyage.org/wiki/Lake_George
europe/unitedkingdom/england/leicester_nottingham_and_east_midlands/nottingham,Nottingham,Nottingham,16,76,see,Great Central Railway - Nottingham,0.93,candidate,has coordinates; has description; high-value type; has external URL; strong travel term,52.8845928,-1.1463983,Nottingham Castle,europe/unitedkingdom/england/leicester_nottingham_and_east_midlands/nottingham/nottingham_castle,0.408,7.34,7.654,has_external_url,http://www.gcrn.co.uk,https://en.wikivoyage.org/wiki/Nottingham
northamerica/canada/britishcolumbia/vernon,Vernon,Vernon (British Columbia),10,21,do,Kal Beach,0.93,candidate,has coordinates; has description; high-value type; has external URL; strong travel term,50.2311,-119.2659,Marten Brewing,northamerica/canada/britishcolumbia/vernon/marten_brew,0.348,4.088,4.015,has_external_url,https://www.kalamalkalake.org/kal-beach/,https://en.wikivoyage.org/wiki/Vernon_%28British_Columbia%29
europe/denmark/aalborg,Aalborg,Aalborg,5,49,see,Aalborg Zoo,0.93,candidate,has coordinates; has description; high-value type; has external URL; strong travel term,57.037047,9.897919,Jens Bang's House,europe/denmark/aalborg/jens_bangs_house,0.286,1.927,1.758,has_external_url,http://aalborgzoo.dk/UserFiles/engelsk_hjemmeside.pdf,https://en.wikivoyage.org/wiki/Aalborg
asia/philippines/daraga,Daraga,Daraga,5,11,see,National Museum of the Philippines - Bicol,0.93,candidate,has coordinates; has description; high-value type; has external URL; strong travel term,13.164535,123.701745,Lignon Hill,asia/philippines/daraga/lignon_hill,0.34,3.021,2.154,has_external_url,https://www.nationalmuseum.gov.ph/our-museums/regional-area-and-site-museums/bicol/,https://en.wikivoyage.org/wiki/Daraga
asia/turkey/izmir,Izmir,Izmir,58,34,see,Izmir Bird Paradise,0.93,candidate,has coordinates; has description; high-value type; has external URL; strong travel term,38.5332,26.8981,İzmir Archaeological Museum,asia/turkey/izmir/izmirmuseum,0.511,24.018,23.721,has_external_url,https://izmirkuscenneti.gov.tr/,https://en.wikivoyage.org/wiki/Izmir
europe/lithuania/panevezys,Panevėžys,Panevėžys,7,19,do,Culture and Leisure Park,0.93,candidate,has coordinates; has description; high-value type; has external URL; strong travel term,55.7371,24.3233,City Cafes and Bars,europe/lithuania/panevezys/city_cafes,0.465,,2.179,has_external_url,https://jp.lt/panevezyje-toliau-tesiami-kulturos-ir-poilsio-parko-modernizavimo-darbai/,https://en.wikivoyage.org/wiki/Panev%C4%97%C5%BEys
northamerica/unitedstates/minnesota/duluth,Duluth,Duluth,8,55,do,Spirit Mountain,0.93,candidate,has coordinates; has description; high-value type; has external URL; strong travel term,46.718151,-92.21671,Glensheen Historic Estate,northamerica/unitedstates/minnesota/duluth/glensheen_mansion,0.35,16.594,11.195,has_external_url,http://www.spiritmt.com,https://en.wikivoyage.org/wiki/Duluth
europe/portugal/leiria,Leiria,Leiria,10,9,see,Paper museum,0.93,candidate,has coordinates; has description; high-value type; has external URL; strong travel term,39.740556,-8.800833,Praça Rodrigues Lobo,europe/portugal/leiria/praca_rodrigues_lobo,0.333,0.851,0.646,has_external_url,https://www.visiteleiria.pt/pontos-de-interesse/museus/moinho-do-papel/,https://en.wikivoyage.org/wiki/Leiria
northamerica/unitedstates/washington/leavenworth,Leavenworth,Leavenworth (Washington),5,51,do,The Enchantments,0.93,candidate,has coordinates; has description; high-value type; has external URL; strong travel term,47.5123,-120.7602,Leavenworth Ranger Station,northamerica/unitedstates/washington/leavenworth/leavenworth_ranger_station,0.368,12.313,11.921,has_external_url,http://www.wta.org/go-hiking/hikes/enchantment-lakes,https://en.wikivoyage.org/wiki/Leavenworth_%28Washington%29
europe/ireland/maynooth,Maynooth,Maynooth (Ireland),12,11,see,The Steam Museum,0.93,candidate,has coordinates; has description; high-value type; has external URL; strong travel term,53.312,-6.599,The Leinster Arms,europe/ireland/maynooth/the_leinster_arms,0.48,7.705,7.91,has_external_url,http://www.steam-museum.com/,https://en.wikivoyage.org/wiki/Maynooth_%28Ireland%29
northamerica/canada/newbrunswick/moncton,Moncton,Moncton,11,50,do,Irishtown Nature Park,0.93,candidate,has coordinates; has description; high-value type; has external URL; strong travel term,46.14193,-64.77216,Victoria Park,northamerica/canada/newbrunswick/moncton/victoria_park,0.529,5.648,5.287,has_external_url,https://www.moncton.ca/irishtown-nature-park,https://en.wikivoyage.org/wiki/Moncton
europe/unitedkingdom/england/manchester_liverpool_and_north_west/preston,Preston,Preston,19,19,see,British Commercial Vehicle Museum,0.93,candidate,has coordinates; has description; high-value type; has external URL; strong travel term,53.6947,-2.6926,Lancashire Infantry Museum,europe/unitedkingdom/england/manchester_liverpool_and_north_west/preston/lancashire_infantry_museum,0.407,8.211,7.201,has_external_url,https://www.britishcommercialvehiclemuseum.com/,https://en.wikivoyage.org/wiki/Preston
northamerica/unitedstates/nevada/carsoncity,Carson City,Carson City,8,25,do,Fuji Park,0.93,candidate,has coordinates; has description; high-value type; has external URL; strong travel term,39.115271,-119.777397,Garibaldi's,northamerica/unitedstates/nevada/carsoncity/garibaldis,0.2,,5.747,has_external_url,https://www.carson.org/government/departments-g-z/parks-recreation-open-space/parks-and-places/parks-and-open-spaces/fairgrounds-fuji-park/fuji-park,https://en.wikivoyage.org/wiki/Carson_City
northamerica/unitedstates/massachusetts/cambridge,Cambridge,Cambridge (Massachusetts),13,112,see,Cambridge Arts Council Gallery,0.93,candidate,has coordinates; has description; high-value type; has external URL; strong travel term,42.36989,-71.10348,Central Square,northamerica/unitedstates/massachusetts/cambridge/central_square,0.456,0.544,0.479,has_external_url,https://www.cambridgema.gov/arts/,https://en.wikivoyage.org/wiki/Cambridge_%28Massachusetts%29
australiaandpacific/australia/queensland/brisbane,Brisbane,Brisbane,21,164,see,"Japanese Garden, Toowong",0.93,candidate,has coordinates; has description; high-value type; has external URL; strong travel term,-27.477237,152.977002,City Botanic Gardens,australiaandpacific/australia/queensland/brisbane/botanic_garden,0.419,5.175,4.476,has_external_url,https://www.brisbane.qld.gov.au/things-to-see-and-do/council-venues-and-precincts/parks/botanic-gardens-in-brisbane/brisbane-botanic-gardens-mt-coot-tha/attractions/japanese-garden,https://en.wikivoyage.org/wiki/Brisbane
europe/france/alpes/lyon,Lyon,Lyon,21,156,see,Basilica of Saint-Martin d'Ainay,0.93,candidate,has coordinates; has description; high-value type; has external URL; strong travel term,45.753711,4.827239,Cathédrale Saint-Jean-Baptiste,europe/france/alpes/lyon/cathedrale_saint_jean,0.484,0.769,0.588,has_external_url,http://abbayeainay.free.fr,https://en.wikivoyage.org/wiki/Lyon
northamerica/unitedstates/wisconsin/milwaukee,Milwaukee,Milwaukee,10,127,see,Discovery World Museum at Pier Wisconsin,0.93,candidate,has coordinates; has description; high-value type; has external URL; strong travel term,43.036913,-87.895926,Milwaukee Art Museum,northamerica/unitedstates/wisconsin/milwaukee/milwaukee_art_museum,0.53,0.47,1.086,has_external_url,http://www.discoveryworld.org/,https://en.wikivoyage.org/wiki/Milwaukee
europe/germany/badenwrttemberg/freiburg,Freiburg,Freiburg,31,46,do,Borderline Trail (mountain bike downhill trail),0.93,candidate,has coordinates; has description; high-value type; has external URL; strong travel term,48.0102021,7.902544,Grave of Caroline Walter,europe/germany/badenwrttemberg/freiburg/grave_caroline_walter,0.5,5.057,4.254,has_external_url,http://www.mountainbike-freiburg.com/,https://en.wikivoyage.org/wiki/Freiburg
northamerica/unitedstates/hawaii/kailua,Kailua-Kona,Kailua-Kona,17,40,do,Kekaha Kai State Park,0.93,candidate,has coordinates; has description; high-value type; has external URL; strong travel term,19.7922,-156.025,Old Kona Airport State Recreation Area,northamerica/unitedstates/hawaii/kailua/old_kona_airport_park,0.441,16.776,17.178,has_external_url,http://dlnr.hawaii.gov/dsp/parks/hawaii/kekaha-kai-kona-coast-state-park/,https://en.wikivoyage.org/wiki/Kailua-Kona
asia/turkey/ankara,Ankara,Ankara,13,116,see,Atatürk Forest Farm,0.93,candidate,has coordinates; has description; high-value type; has external URL; strong travel term,39.945,32.7957,Trilye Restaurant,asia/turkey/ankara/trilye_restaurant,0.5,7.256,5.658,has_external_url,https://www.aoc.gov.tr/Portal/Geziyerlerimiz/ataturk-orman-ciftligi-muze-ve-sergi-salonu/37,https://en.wikivoyage.org/wiki/Ankara
asia/japan/honshu/okayama,Okayama,Okayama,9,83,see,Ancient Kibi Cultural Properties Center,0.93,candidate,has coordinates; has description; high-value type; has external URL; strong travel term,34.663665,133.854522,Kibiji Cycling Route,asia/japan/honshu/okayama/kibiji_cycling_route,0.407,6.658,5.887,has_external_url,https://www.pref.okayama.jp/site/kodai/,https://en.wikivoyage.org/wiki/Okayama
asia/china/fujianprovince/fuzhou,Fuzhou,Fuzhou,9,76,see,Lin Zexu Memorial Museum,0.93,candidate,has coordinates; has description; high-value type; has external URL; strong travel term,26.08149,119.29247,Fujian Museum,asia/china/fujianprovince/fuzhou/fujian_museum,0.541,2.021,0.449,has_external_url,http://www.linzexu.cn/,https://en.wikivoyage.org/wiki/Fuzhou
asia/china/liaoning/shenyang,Shenyang,Shenyang,6,59,see,Former Site of Shenyang Military Tribunal for the Trial of Japanese War Criminals,0.93,candidate,has coordinates; has description; high-value type; has external URL; strong travel term,41.826822,123.429671,Shenyang Imperial Palace (Mukden Palace),asia/china/liaoning/shenyang/shenyang_imperial_palace,0.356,3.343,2.697,has_external_url,http://www.918museum.org.cn/index.php/article/listarticle/pid/222/rel/tabs/sidebar/sidebar,https://en.wikivoyage.org/wiki/Shenyang
europe/switzerland/wengen,Wengen,Wengen,7,18,see,Lutheran Church,0.93,candidate,has coordinates; has description; high-value type; has external URL; strong travel term,46.60731,7.91933,Lauberhorn Downhill,europe/switzerland/wengen/lauberhorn_race,0.412,1.631,0.277,has_external_url,https://www.kg-lauterbrunnen.ch/,https://en.wikivoyage.org/wiki/Wengen
asia/china/henan_province/luoyang,Luoyang,Luoyang,11,25,see,Dingding Gate Ruins Museum,0.93,candidate,has coordinates; has description; high-value type; has external URL; strong travel term,34.632503718192055,112.46031844561604,Lijing Gate,asia/china/henan_province/luoyang/lijing_gate,0.486,0.602,1.833,has_external_url,https://weibo.com/u/5508833692?is_all=1,https://en.wikivoyage.org/wiki/Luoyang
asia/malaysia/bintulu,Bintulu,Bintulu,4,36,see,Pasar Utama & Pasar Tamu Bintulu,0.93,candidate,has coordinates; has description; high-value type; has external URL; strong travel term,3.1706,113.0404,Pasar Tamu,asia/malaysia/bintulu/pasar_tamu,0.455,3.929,2.021,has_external_url,https://sarawaktourism.com/attraction/pasar-tamu-pasar-utama/,https://en.wikivoyage.org/wiki/Bintulu
europe/estonia/tallinn,Tallinn,Tallinn,57,163,do,Birgitta Festival,0.93,candidate,has coordinates; has description; high-value type; has external URL; strong travel term,59.4664,24.8363,Pirita,europe/estonia/tallinn/pirita,0.435,0.906,5.519,has_external_url,https://www.filharmoonia.ee/en/birgitta,https://en.wikivoyage.org/wiki/Tallinn
northamerica/unitedstates/idaho/rexburg,Rexburg,Rexburg,5,8,see,Farnsworth TV & Pioneer Museum,0.93,candidate,has coordinates; has description; high-value type; has external URL; strong travel term,43.67041,-111.91586,Teton Flood Museum,northamerica/unitedstates/idaho/rexburg/teton_flood_museum,0.44,20.444,20.304,has_external_url,https://www.farnsworthpioneermuseum.org/,https://en.wikivoyage.org/wiki/Rexburg
northamerica/mexico/len,León,León (Mexico),5,35,see,Bullfighting Museum,0.93,candidate,has coordinates; has description; high-value type; has external URL; strong travel term,21.11807,-101.67017,Cathedral Basilica of Our Lady of the Light,northamerica/mexico/len/cathedral,0.241,1.395,1.397,has_external_url,http://www.panteontaurino.com.mx/,https://en.wikivoyage.org/wiki/Le%C3%B3n_%28Mexico%29
europe/spain/spanishcostas/loscristianos,Los Cristianos,Los Cristianos,4,11,do,Jungle Park,0.93,candidate,has coordinates; has description; high-value type; has external URL; strong travel term,28.07946,-16.69555,Playa de Los Cristianos,europe/spain/spanishcostas/loscristianos/playa_de_los_cristianos,0.222,3.414,3.894,has_external_url,http://www.junglepark.es,https://en.wikivoyage.org/wiki/Los_Cristianos
northamerica/unitedstates/washington/auburn,Auburn,Auburn (Washington),7,16,do,Flaming Geyser State Park,0.93,candidate,has coordinates; has description; high-value type; has external URL; strong travel term,47.2722,-122.023,Green River Trail,northamerica/unitedstates/washington/auburn/green_river_trail,0.333,15.354,15.983,has_external_url,https://www.parks.wa.gov/504/Flaming-Geyser,https://en.wikivoyage.org/wiki/Auburn_%28Washington%29
northamerica/unitedstates/virginia/alexandria,Alexandria,Alexandria (Virginia),7,64,do,Cameron Run Regional Park,0.93,candidate,has coordinates; has description; high-value type; has external URL; strong travel term,38.8051,-77.1021,Mount Vernon Estate,northamerica/unitedstates/virginia/alexandria/mount_vernon,0.364,10.966,4.775,has_external_url,https://www.novaparks.com/parks/cameron-run-regional-park,https://en.wikivoyage.org/wiki/Alexandria_%28Virginia%29
europe/unitedkingdom/wales/cardiff,Cardiff,Cardiff,13,100,see,St Fagans National History Museum,0.93,candidate,has coordinates; has description; high-value type; has external URL; strong travel term,51.4869,-3.2725,National Museum Cardiff,europe/unitedkingdom/wales/cardiff/national_museum_cardiff,0.536,6.467,6.487,has_external_url,http://www.museumwales.ac.uk/en/stfagans/,https://en.wikivoyage.org/wiki/Cardiff
asia/japan/honshu/kaga,Kaga,Kaga,8,27,see,Kutaniyaki Art Museum,0.93,candidate,has coordinates; has description; high-value type; has external URL; strong travel term,36.30278,136.310283,Katayamazu Onsen,asia/japan/honshu/kaga/katayamazu_onsen,0.486,6.612,0.433,has_external_url,http://www.kutani-mus.jp/,https://en.wikivoyage.org/wiki/Kaga
northamerica/unitedstates/florida/naples,Naples,Naples (Florida),11,20,do,Delnor-Wiggins Pass State Park,0.93,candidate,has coordinates; has description; high-value type; has external URL; strong travel term,26.2811,-81.8281,Revs Institute,northamerica/unitedstates/florida/naples/revs_institute,0.364,14.212,15.82,has_external_url,https://www.floridastateparks.org/park/Delnor-Wiggins,https://en.wikivoyage.org/wiki/Naples_%28Florida%29
europe/unitedkingdom/england/south_east/winchester,Winchester,Winchester (England),10,36,see,Twyford Waterworks,0.93,candidate,has coordinates; has description; high-value type; has external URL; strong travel term,51.0212,-1.2991,Water Meadows and the Itchen,europe/unitedkingdom/england/south_east/winchester/water_meadows,0.333,4.19,4.564,has_external_url,http://www.twyfordwaterworks.co.uk/,https://en.wikivoyage.org/wiki/Winchester_%28England%29
southamerica/colombia/neiva,Neiva,Neiva,6,13,see,Jardín Botánico de Neiva 'Bertha Hernández de Ospina' Park,0.93,candidate,has coordinates; has description; high-value type; has external URL; strong travel term,2.89748,-75.27114,San Agustín Archaeological Park,southamerica/colombia/neiva/parque_arqueologico_san_agustin,0.494,158.099,15.126,has_external_url,https://www.facebook.com/Reserva-Jard%C3%ACn-Bot%C3%A0nico-199991030816442/,https://en.wikivoyage.org/wiki/Neiva
europe/unitedkingdom/england/south_east/gosport,Gosport,Gosport,5,11,see,Fort Brockhurst,0.93,candidate,has coordinates; has description; high-value type; has external URL; strong travel term,50.8149,-1.1548,Fort Blockhouse & the Haslar Sea Wall,europe/unitedkingdom/england/south_east/gosport/fort_blockhouse,0.48,3.991,3.226,has_external_url,https://www.english-heritage.org.uk/visit/places/fort-brockhurst/,https://en.wikivoyage.org/wiki/Gosport
northamerica/thecaribbean/guadeloupe/basseterre,Basse-Terre,Basse-Terre,4,8,see,Zoo de Guadeloupe,0.93,candidate,has coordinates; has description; high-value type; has external URL; strong travel term,16.1793,-61.7511,Guadeloupe National Park,northamerica/thecaribbean/guadeloupe/basseterre/guadeloupe_national_park,0.526,15.379,19.648,has_external_url,https://www.zoodeguadeloupe.com/practical-info,https://en.wikivoyage.org/wiki/Basse-Terre
europe/germany/hessen/kassel,Kassel,Kassel,19,95,see,Klosterkirche Nordshausen,0.93,candidate,has coordinates; has description; high-value type; has external URL; strong travel term,51.2803,9.43293,Karlskirche,europe/germany/hessen/kassel/karlskirche,0.444,5.535,5.995,has_external_url,http://www.klosterkirche-nordshausen.de/,https://en.wikivoyage.org/wiki/Kassel
asia/japan/honshu/nagano,Nagano,Nagano,6,15,see,Nishi-no-Mon Yoshinoya,0.93,candidate,has coordinates; has description; high-value type; has external URL; strong travel term,36.657611,138.186015,Zenkō-ji,asia/japan/honshu/nagano/zenkoji,0.518,0.482,1.354,has_external_url,https://nishinomon-yoshinoya.com/,https://en.wikivoyage.org/wiki/Nagano
europe/hungary/veszprem,Veszprém,Veszprém,11,105,do,Kittenberger Kalman Plants and Wildlife Park,0.93,candidate,has coordinates; has description; high-value type; has external URL; strong travel term,47.0925,17.89402,Kittenberger Kálmán Zoo,europe/hungary/veszprem/veszprem_zoo,0.537,1.561,1.063,has_external_url,http://www.veszpzoo.hu/,https://en.wikivoyage.org/wiki/Veszpr%C3%A9m
europe/slovenia/ljubljana,Ljubljana,Ljubljana,26,111,do,Kinoteka,0.93,candidate,has coordinates; has description; high-value type; has external URL; strong travel term,46.05602,14.507873,Butchers' Bridge (Mesarski most),europe/slovenia/ljubljana/butchers_bridge,0.525,0.475,0.67,has_external_url,http://www.kinoteka.si,https://en.wikivoyage.org/wiki/Ljubljana
northamerica/unitedstates/northcarolina/kinston,Kinston,Kinston (North Carolina),10,8,see,First Battle of Kinston Civil War Battlefield Park,0.93,candidate,has coordinates; has description; high-value type; has external URL; strong travel term,35.23968,-77.58133,CSS Neuse Civil War Interpretive Center,northamerica/unitedstates/northcarolina/kinston/css_neuse,0.382,2.304,2.556,has_external_url,http://www.historicalpreservationgroup.org/wil_park.htm,https://en.wikivoyage.org/wiki/Kinston_%28North_Carolina%29
europe/sweden/rebro,Örebro,Örebro,5,15,see,Wadköping,0.93,candidate,has coordinates; has description; high-value type; has external URL; strong travel term,59.272612,15.232751,Wadköping Open-Air Museum,europe/sweden/rebro/wadkoping,0.529,0.782,1.029,has_external_url,https://extra.orebro.se/wadkoping.4.6dd1f9011538e4a54e2145.html,https://en.wikivoyage.org/wiki/%C3%96rebro
northamerica/unitedstates/newjersey/longbeachisland,Long Beach Island,Long Beach Island,0,68,do,Fantasy Island Amusement Park,0.93,candidate,has coordinates; has description; high-value type; has external URL; strong travel term,39.5684,-74.2378,,,0.0,,8.642,has_external_url,https://fantasyislandlbi.com,https://en.wikivoyage.org/wiki/Long_Beach_Island
northamerica/unitedstates/hawaii/kauai,Kaua'i,Kauai,12,48,see,Kauai Museum,0.93,candidate,has coordinates; has description; high-value type; has external URL; strong travel term,21.974722,-159.368333,Kalalau Trail,northamerica/unitedstates/hawaii/kauai/kalalau_trail,0.4,34.85,21.367,has_external_url,http://www.kauaimuseum.org,https://en.wikivoyage.org/wiki/Kauai
europe/finland/turku,Turku,Turku,5,262,do,JukuPark Waterpark,0.93,candidate,has coordinates; has description; high-value type; has external URL; strong travel term,60.4782,22.2562,Turku Cathedral,europe/finland/turku/turku_cathedral,0.545,2.967,3.017,has_external_url,https://jukupark.fi/,https://en.wikivoyage.org/wiki/Turku
europe/unitedkingdom/wales/cardiff,Cardiff,Cardiff,13,100,see,Castell Coch,0.93,candidate,has coordinates; has description; high-value type; has external URL; strong travel term,51.5354,-3.2536,Cardiff Castle,europe/unitedkingdom/wales/cardiff/cardiff_castle,0.385,7.744,7.889,has_external_url,http://cadw.gov.wales/daysout/castell-coch/?lang=en,https://en.wikivoyage.org/wiki/Cardiff
africa/tunisia/tunis,Tunis,Tunis,17,51,see,Uthina,0.93,candidate,has coordinates; has description; high-value type; has external URL; strong travel term,36.608467,10.171708,Souk el Attarine,africa/tunisia/tunis/souk_el_attarine,0.421,21.186,22.038,has_external_url,http://www.patrimoinedetunisie.com.tn/eng/sites/uthina.php,https://en.wikivoyage.org/wiki/Tunis
europe/switzerland/neuchatel,Neuchatel,Neuchatel,8,33,see,Le Jardin des Senteurs,0.93,candidate,has coordinates; has description; high-value type; has external URL; strong travel term,47.00937,6.96357,Valangin Castle,europe/switzerland/neuchatel/valangin_castle,0.467,4.343,3.404,has_external_url,http://www.jardin-des-senteurs.ch,https://en.wikivoyage.org/wiki/Neuchatel
europe/france/centre/loirevalley/angers,Angers,Angers,10,18,see,Jardin du Mail,0.93,candidate,has coordinates; has description; high-value type; has external URL; strong travel term,47.470413,-0.545886,Jardin des Plantes d'Angers,europe/france/centre/loirevalley/angers/jardin_des_plantes,0.501,0.499,0.586,has_external_url,https://www.angers.fr/vivre-a-angers/la-nature-a-angers/les-parcs-et-jardins-publics/patrimoine/parcs-et-jardins/jardin-du-mail/index.html,https://en.wikivoyage.org/wiki/Angers
northamerica/unitedstates/louisiana/shreveport,Shreveport,Shreveport,21,43,do,Wonder Oasis Waterpark (formerly Splash Kingdom Family Waterpark),0.93,candidate,has coordinates; has description; high-value type; has external URL; strong travel term,32.4428,-93.9194,Ogilvie-Wiener Mansion,northamerica/unitedstates/louisiana/shreveport/ogilvie_wiener_mansion,0.364,17.598,17.917,has_external_url,https://wonderoasiswaterpark.com/,https://en.wikivoyage.org/wiki/Shreveport
europe/hungary/mosonmagyarovar,Mosonmagyaróvár,Mosonmagyaróvár,5,8,see,Rajka,0.93,candidate,has coordinates; has description; high-value type; has external URL; strong travel term,47.9936,17.2025,Thermal Baths,europe/hungary/mosonmagyarovar/thermal_baths,0.333,14.386,14.363,has_external_url,http://www.rajka.hu/,https://en.wikivoyage.org/wiki/Mosonmagyar%C3%B3v%C3%A1r
europe/slovakia/bojnice,Bojnice,Bojnice,3,9,see,Nitrianske Rudno,0.93,candidate,has coordinates; has description; high-value type; has external URL; strong travel term,48.7981845,18.4780124,Bojnice Zoo,europe/slovakia/bojnice/bojnice_zoo,0.37,7.504,7.897,has_external_url,http://www.nitrianskerudno.sk/,https://en.wikivoyage.org/wiki/Bojnice
northamerica/unitedstates/newmexico/taos,Taos,Taos,11,35,see,Millicent Rogers Museum,0.93,candidate,has coordinates; has description; high-value type; has external URL; strong travel term,36.44423,-105.59406,Kit Carson House,northamerica/unitedstates/newmexico/taos/kit_carson_house,0.462,4.589,4.517,has_external_url,http://www.millicentrogers.org/,https://en.wikivoyage.org/wiki/Taos
asia/china/shandong_province/yantai,Yantai,Yantai,4,26,see,Tashan Park,0.93,candidate,has coordinates; has description; high-value type; has external URL; strong travel term,37.52,121.39,Yantai Hill Park,asia/china/shandong_province/yantai/yantai_hill_park,0.519,7.997,8.071,has_external_url,https://www.yantai.gov.cn/art/2012/3/31/art_12237_900186.html,https://en.wikivoyage.org/wiki/Yantai
europe/germany/bavaria/augsburg,Augsburg,Augsburg,16,61,do,Augsburg Zoo,0.93,candidate,has coordinates; has description; high-value type; has external URL; strong travel term,48.34883,10.91603,Augsburg Water Management System,europe/germany/bavaria/augsburg/augsburg_water_system,0.409,2.124,2.626,has_external_url,https://zoo-augsburg.de/,https://en.wikivoyage.org/wiki/Augsburg
europe/finland/lahti,Lahti,Lahti,11,61,do,Classic Motor Show,0.93,candidate,has coordinates; has description; high-value type; has external URL; strong travel term,60.9853,25.6376,Ravintola Taivaanranta,europe/finland/lahti/taivaanranta,0.525,0.475,1.315,has_external_url,http://www.classicmotorshow.fi/en/,https://en.wikivoyage.org/wiki/Lahti
northamerica/unitedstates/california/northcoast/fortbragg,Fort Bragg,Fort Bragg,5,30,do,Pomo Bluffs Park,0.93,candidate,has coordinates; has description; high-value type; has external URL; strong travel term,39.42517,-123.81688,Noyo Harbor,northamerica/unitedstates/california/northcoast/fortbragg/noyo_harbor,0.37,1.14,2.49,has_external_url,https://www.city.fortbragg.com/Home/Components/FacilityDirectory/FacilityDirectory/10/72,https://en.wikivoyage.org/wiki/Fort_Bragg
northamerica/unitedstates/hawaii/kauai,Kaua'i,Kauai,12,48,see,National Tropical Botanical Gardens,0.93,candidate,has coordinates; has description; high-value type; has external URL; strong travel term,21.9067,-159.511,Mānawaiopuna Falls (Jurassic Falls),northamerica/unitedstates/hawaii/kauai/maanawaiopuna_falls,0.415,9.198,16.722,has_external_url,http://ntbg.org/,https://en.wikivoyage.org/wiki/Kauai
northamerica/costarica/heredia,Heredia,Heredia,7,59,do,Monte de la Cruz,0.93,candidate,has coordinates; has description; high-value type; has external URL; strong travel term,10.0677,-84.07648,Parque Central,northamerica/costarica/heredia/parque_central,0.333,8.853,8.481,has_external_url,https://www.munisrh.go.cr/monte-de-la-cruz/,https://en.wikivoyage.org/wiki/Heredia
europe/greece/aegina,Aegina,Aegina,6,10,see,Christos Kapralos Museum,0.93,candidate,has coordinates; has description; high-value type; has external URL; strong travel term,37.765,23.424,Waterfront Cafes and Tavernas,europe/greece/aegina/waterfront_cafes,0.264,7.107,7.622,has_external_url,https://www.nationalgallery.gr/en/annexes.html,https://en.wikivoyage.org/wiki/Aegina
northamerica/unitedstates/northdakota/fargo,Fargo,Fargo,5,66,do,Fargo Kids Play Museum,0.93,candidate,has coordinates; has description; high-value type; has external URL; strong travel term,46.819955,-96.881865,Plains Art Museum,northamerica/unitedstates/northdakota/fargo/plains_art_museum,0.513,9.301,9.462,has_external_url,https://fkpm.netlify.app/,https://en.wikivoyage.org/wiki/Fargo
europe/norway/tromso,Tromsø,Tromsø,8,63,see,The Arctic Alpine Botanic Garden,0.93,candidate,has coordinates; has description; high-value type; has external URL; strong travel term,69.67682,18.97556,Arctic Cathedral (Ishavskatedralen),europe/norway/tromso/arctic_cathedral,0.409,3.644,2.902,has_external_url,http://www.uit.no/botanisk,https://en.wikivoyage.org/wiki/Troms%C3%B8
europe/spain/spanishcostas/benidorm,Benidorm,Benidorm,6,34,do,Benidorm Palace,0.93,candidate,has coordinates; has description; high-value type; has external URL; strong travel term,38.54446,-0.10256,Sierra Helada,europe/spain/spanishcostas/benidorm/sierra_helada,0.357,4.214,2.347,has_external_url,https://www.benidormpalace.com/en/benidorm-palace/the-auditorium/,https://en.wikivoyage.org/wiki/Benidorm
southamerica/bolivia/tarija,Tarija,Tarija,5,18,see,Iglesia San Roque Tarija,0.93,candidate,has coordinates; has description; high-value type; has external URL; strong travel term,-21.52946,-64.73313,Casa Dorada,southamerica/bolivia/tarija/casa_dorada,0.4,0.769,0.764,has_external_url,http://www.sanroquetarija.org/,https://en.wikivoyage.org/wiki/Tarija
northamerica/canada/britishcolumbia/courtenay,Courtenay,Courtenay,5,30,do,Island Music Fest,0.93,candidate,has coordinates; has description; high-value type; has external URL; strong travel term,49.7057,-125.0044,Courtenay and District Museum,northamerica/canada/britishcolumbia/courtenay/courtenay_museum,0.348,1.802,1.922,has_external_url,https://www.islandmusicfest.com/,https://en.wikivoyage.org/wiki/Courtenay
australiaandpacific/australia/northernterritory/alicesprings,Alice Springs,Alice Springs,14,29,see,Old Ghan Heritage Railway and Museum,0.93,candidate,has coordinates; has description; high-value type; has external URL; strong travel term,-23.777723,133.867965,Adelaide House Museum,australiaandpacific/australia/northernterritory/alicesprings/adelaide_house,0.421,8.818,8.959,has_external_url,http://northernterritory.com/alice-springs-and-surrounds/things-to-do/old-ghan-heritage-railway-and-museum,https://en.wikivoyage.org/wiki/Alice_Springs
europe/belgium/ypres,Ypres,Ypres,12,15,see,Memorial Museum Passchendaele 1917,0.93,candidate,has coordinates; has description; high-value type; has external URL; strong travel term,50.870733,2.988606,Museum Godshuis Belle,europe/belgium/ypres/museum_godshuis_belle,0.4,7.559,7.585,has_external_url,http://www.passchendaele.be/,https://en.wikivoyage.org/wiki/Ypres
europe/switzerland/solothurn,Solothurn,Solothurn,4,75,see,Schloss Waldegg,0.93,candidate,has coordinates; has description; high-value type; has external URL; strong travel term,47.22335,7.54842,Solothurn Cathedral,europe/switzerland/solothurn/solothurn_cathedral,0.353,1.807,1.992,has_external_url,https://schloss-waldegg.so.ch/de/startseite/,https://en.wikivoyage.org/wiki/Solothurn
asia/indonesia/java/bogor,Bogor,Bogor,6,30,do,JungleLand Adventure Theme Park,0.93,candidate,has coordinates; has description; high-value type; has external URL; strong travel term,-6.57413,106.89359,Bogor Cathedral (Gereja Katedral),asia/indonesia/java/bogor/bogor_cathedral,0.304,11.377,10.921,has_external_url,https://www.facebook.com/Jungleland-Adventure-Theme-Park-1415610202007561/,https://en.wikivoyage.org/wiki/Bogor
europe/germany/lowersaxony/east_frisian_islands/baltrum,Baltrum,Baltrum,4,7,see,Museum Old Customs House,0.93,candidate,has coordinates; has description; high-value type; has external URL; strong travel term,53.726672,7.370108,North Beach,europe/germany/lowersaxony/east_frisian_islands/baltrum/north_beach,0.229,,1.94,has_external_url,https://www.baltrum.org,https://en.wikivoyage.org/wiki/Baltrum
northamerica/mexico/oaxaca,Oaxaca,Oaxaca (city),13,93,do,Fundacion En Via,0.93,candidate,has coordinates; has description; high-value type; has external URL; strong travel term,17.07141,-96.71979,Templo de Santo Domingo,northamerica/mexico/oaxaca/santo_domingo,0.453,0.547,0.751,has_external_url,http://www.envia.org/,https://en.wikivoyage.org/wiki/Oaxaca_%28city%29
northamerica/canada/ontario/oakville,Oakville,Oakville (Ontario),19,24,see,Sovereign House,0.93,candidate,has coordinates; has description; high-value type; has external URL; strong travel term,43.390264,-79.710885,Sheridan College,northamerica/canada/ontario/oakville/sheridan_college,0.516,8.788,7.292,has_external_url,http://www.brontehistoricalsociety.ca/,https://en.wikivoyage.org/wiki/Oakville_%28Ontario%29
africa/southafrica/portelizabeth,Port Elizabeth,Port Elizabeth,10,66,do,Kragga Kamma Game Park,0.93,candidate,has coordinates; has description; high-value type; has external URL; strong travel term,-33.988,25.457,St George's Park,africa/southafrica/portelizabeth/st_georges_park,0.421,14.084,15.189,has_external_url,http://www.kraggakamma.com,https://en.wikivoyage.org/wiki/Port_Elizabeth
northamerica/unitedstates/california/shastacascade/mountshasta,Mount Shasta,Mount Shasta,0,5,see,Mount Shasta City Park,0.93,candidate,has coordinates; has description; high-value type; has external URL; strong travel term,41.327,-122.324,,,0.0,,14.135,has_external_url,https://www.msrec.org/mt-shasta-city-park,https://en.wikivoyage.org/wiki/Mount_Shasta
northamerica/unitedstates/pennsylvania/state_college,State College,State College,7,27,see,Frost Entomological Museum,0.93,candidate,has coordinates; has description; high-value type; has external URL; strong travel term,40.803706,-77.862041,Palmer Museum of Art,northamerica/unitedstates/pennsylvania/state_college/palmer_museum_of_art,0.391,0.772,1.03,has_external_url,https://ento.psu.edu/about/facilities/frost,https://en.wikivoyage.org/wiki/State_College
europe/italy/lombardia/como,Como,Como,10,35,see,Cattedrale di Santa Maria Assunta,0.93,candidate,has coordinates; has description; high-value type; has external URL; strong travel term,45.811632,9.083462,Basilica di San Fedele,europe/italy/lombardia/como/san_fedele,0.364,12.179,12.193,has_external_url,http://www.cattedraledicomo.it/en/home/,https://en.wikivoyage.org/wiki/Como
asia/china/sichuanprovince/chengdu,Chengdu,Chengdu,44,95,do,Happy Valley,0.93,candidate,has coordinates; has description; high-value type; has external URL; strong travel term,30.725,104.032,Zhaojue Temple,asia/china/sichuanprovince/chengdu/zhaojue_temple,0.385,7.037,17.248,has_external_url,http://cd.happyvalley.cn/,https://en.wikivoyage.org/wiki/Chengdu
asia/india/karnataka/mysore,Mysore,Mysore,14,82,see,Melody World Wax Museum,0.93,candidate,has coordinates; has description; high-value type; has external URL; strong travel term,12.30223,76.67789,Mysore Zoo,asia/india/karnataka/mysore/mysore_zoo,0.303,1.768,4.242,has_external_url,http://www.melodyworld.in,https://en.wikivoyage.org/wiki/Mysore
europe/belgium/ghent,Ghent,Ghent,18,77,see,SMAK,0.93,candidate,has coordinates; has description; high-value type; has external URL; strong travel term,51.038169,3.722025,Korenmarkt,europe/belgium/ghent/korenmarkt,0.429,1.805,1.754,has_external_url,https://smak.be/en,https://en.wikivoyage.org/wiki/Ghent
asia/china/hunan/zhangjiajie,Zhangjiajie,Zhangjiajie,8,49,do,Zhangjiajie National Forest Park,0.93,candidate,has coordinates; has description; high-value type; has external URL; strong travel term,29.123549,110.464029,Zhangjiajie Glass Bridge,asia/china/hunan/zhangjiajie/zhangjiajie_glass_bridge,0.536,38.131,1.991,has_external_url,http://www.hnzjj.com/index.php/Product/list/7.html,https://en.wikivoyage.org/wiki/Zhangjiajie
europe/unitedkingdom/england/leeds_sheffield_and_yorkshire/skipton,Skipton,Skipton,6,16,see,Bolton Abbey,0.93,candidate,has coordinates; has description; high-value type; has external URL; strong travel term,53.9825,-1.8872,Skipton Market,europe/unitedkingdom/england/leeds_sheffield_and_yorkshire/skipton/skipton_market,0.462,8.745,8.765,has_external_url,http://www.boltonabbey.com,https://en.wikivoyage.org/wiki/Skipton
europe/spain/aragon/zaragoza,Zaragoza,Zaragoza,12,57,see,River Aquarium,0.93,candidate,has coordinates; has description; high-value type; has external URL; strong travel term,41.66918,-0.89865,Aljafería Palace,europe/spain/aragon/zaragoza/aljaferia_palace,0.357,1.384,2.399,has_external_url,http://www.acuariodezaragoza.com/,https://en.wikivoyage.org/wiki/Zaragoza
europe/germany/northrhinewestphalia/duisburg,Duisburg,Duisburg,8,22,see,German Inland Waterways Museum,0.93,candidate,has coordinates; has description; high-value type; has external URL; strong travel term,51.46,6.73,Lehmbruck Museum,europe/germany/northrhinewestphalia/duisburg/lehmbruck_museum,0.435,4.143,3.453,has_external_url,http://www.binnenschifffahrtsmuseum.de/,https://en.wikivoyage.org/wiki/Duisburg
northamerica/unitedstates/massachusetts/cambridge,Cambridge,Cambridge (Massachusetts),13,112,see,Temple Beth Shalom of Cambridge,0.93,candidate,has coordinates; has description; high-value type; has external URL; strong travel term,42.37142,-71.09816,Central Square,northamerica/unitedstates/massachusetts/cambridge/central_square,0.356,0.842,0.806,has_external_url,http://tremontstreetshul.org/,https://en.wikivoyage.org/wiki/Cambridge_%28Massachusetts%29
asia/india/bihar/patna,Patna,Patna,15,25,see,Shrikrishna Science Centre,0.93,candidate,has coordinates; has description; high-value type; has external URL; strong travel term,25.611,85.144,Gandhi Maidan,asia/india/bihar/patna/gandhi_maidan,0.429,0.571,2.064,has_external_url,http://sksciencecentre.org/,https://en.wikivoyage.org/wiki/Patna
asia/china/hebei/tangshan,Tangshan,Tangshan,3,37,see,Fenghuangshan Park,0.93,candidate,has coordinates; has description; high-value type; has external URL; strong travel term,39.630023,118.183658,Nanhu Ecological Park,asia/china/hebei/tangshan/nanhu_park,0.513,4.563,3.641,has_external_url,https://s.visitbeijing.com.cn/attraction/118863,https://en.wikivoyage.org/wiki/Tangshan
europe/italy/abruzzo/opi,Opi,Opi,4,6,see,Old beech trees of the park,0.93,candidate,has coordinates; has description; high-value type; has external URL; strong travel term,41.8206,13.7249,Chiesa di Santa Maria Assunta,europe/italy/abruzzo/opi/chiesa_di_santa_maria_assunta,0.308,9.72,9.733,has_external_url,http://www.parcoabruzzo.it/pagina.php?id=506,https://en.wikivoyage.org/wiki/Opi
europe/germany/thuringia/erfurt,Erfurt,Erfurt,8,43,do,Egapark,0.93,candidate,has coordinates; has description; high-value type; has external URL; strong travel term,50.9675,11.0078,Severikirche,europe/germany/thuringia/erfurt/severkirche,0.316,1.41,1.86,has_external_url,http://www.egapark-erfurt.de/,https://en.wikivoyage.org/wiki/Erfurt
europe/latvia/daugavpils,Daugavpils,Daugavpils,7,30,see,Naujene Local History Museum,0.93,candidate,has coordinates; has description; high-value type; has external URL; strong travel term,55.931348,26.716068,Centre Bars,europe/latvia/daugavpils/centre_bars,0.359,13.563,14.154,has_external_url,http://www.naujene.lv,https://en.wikivoyage.org/wiki/Daugavpils
asia/china/shandong_province/jinan,Jinan,Jinan,65,109,see,Jinan Zoo,0.93,candidate,has coordinates; has description; high-value type; has external URL; strong travel term,36.7006,116.9812,Jinan Great Mosque,asia/china/shandong_province/jinan/jinan_mosque,0.519,3.979,6.704,has_external_url,http://www.jinanzoo.com/,https://en.wikivoyage.org/wiki/Jinan
europe/unitedkingdom/scotland/aberdeen,Aberdeen,Aberdeen,17,83,see,Johnston Gardens,0.93,candidate,has coordinates; has description; high-value type; has external URL; strong travel term,57.136,-2.148,Seaton Park,europe/unitedkingdom/scotland/aberdeen/seatonpark,0.519,5.083,3.597,has_external_url,https://www.aberdeencity.gov.uk/services/leisure-culture-and-parks/parks-and-gardens/johnston-gardens,https://en.wikivoyage.org/wiki/Aberdeen
northamerica/unitedstates/texas/amarillo,Amarillo,Amarillo,8,26,do,Wildcat Bluff Nature Center,0.93,candidate,has coordinates; has description; high-value type; has external URL; strong travel term,35.2352,-101.9398,Palo Duro Canyon State Park,northamerica/unitedstates/texas/amarillo/palo_duro_canyon,0.407,41.634,10.333,has_external_url,https://discoverycentercollective.org/wildcat-bluff-discovery-center/,https://en.wikivoyage.org/wiki/Amarillo
europe/ireland/glendalough,Glendalough,Glendalough,7,8,do,Clara Lara Funpark,0.93,candidate,has coordinates; has description; high-value type; has external URL; strong travel term,52.9744,-6.2737,Upper Lake,europe/ireland/glendalough/upper_lake,0.357,6.927,5.391,has_external_url,https://www.claralara.ie,https://en.wikivoyage.org/wiki/Glendalough
southamerica/colombia/pereira,Pereira,Pereira,15,19,see,Pereira Art Museum,0.93,candidate,has coordinates; has description; high-value type; has external URL; strong travel term,4.80429,-75.69592,Cedral Eco-Park,southamerica/colombia/pereira/cedral,0.364,13.462,1.002,has_external_url,https://museoartepereira.com,https://en.wikivoyage.org/wiki/Pereira
europe/germany/lowersaxony/osnabrck,Osnabrück,Osnabrück,14,39,see,Museum am Schölerberg,0.93,candidate,has coordinates; has description; high-value type; has external URL; strong travel term,52.249444,8.069722,St. Mary's Church,europe/germany/lowersaxony/osnabrck/st_marys_church,0.432,3.691,2.925,has_external_url,http://www.osnabrueck.de/mas/startseite.html,https://en.wikivoyage.org/wiki/Osnabr%C3%BCck
northamerica/unitedstates/ohio/lima,Lima,Lima (Ohio),4,17,see,Veterans Freedom Flag Monument,0.93,candidate,has coordinates; has description; high-value type; has external URL; strong travel term,40.70855,-84.1291,Lima Army Tank Plant,northamerica/unitedstates/ohio/lima/lima_tank_plant,0.32,7.901,4.042,has_external_url,https://uawfreedomflag.com/,https://en.wikivoyage.org/wiki/Lima_%28Ohio%29
northamerica/unitedstates/newyorkstate/troy,Troy,Troy (New York),7,34,do,Sanctuary for Independent Media,0.93,candidate,has coordinates; has description; high-value type; has external URL; strong travel term,42.753358,-73.681425,Troy Savings Bank Music Hall,northamerica/unitedstates/newyorkstate/troy/troy_savings_bank_music_hall,0.373,2.69,2.902,has_external_url,http://www.mediasanctuary.org,https://en.wikivoyage.org/wiki/Troy_%28New_York%29
europe/hungary/miskolc,Miskolc,Miskolc,8,82,see,Castle of Diósgyőr,0.93,candidate,has coordinates; has description; high-value type; has external URL; strong travel term,48.098,20.6889,Diósgyőr Castle,europe/hungary/miskolc/diósgyőr_castle,0.485,2.66,7.529,has_external_url,http://www.diosgyorivar.hu,https://en.wikivoyage.org/wiki/Miskolc
europe/finland/jyvaskyla,Jyväskylä,Jyväskylä,10,66,see,Finnish Air Force Museum,0.93,candidate,has coordinates; has description; high-value type; has external URL; strong travel term,62.3876,25.678,Alvar Aalto Museum,europe/finland/jyvaskyla/alvar_aalto_museum,0.524,17.364,16.649,has_external_url,http://airforcemuseum.fi,https://en.wikivoyage.org/wiki/Jyv%C3%A4skyl%C3%A4
northamerica/unitedstates/florida/fortlauderdale,Fort Lauderdale,Fort Lauderdale,17,67,see,Antique Car Museum,0.93,candidate,has coordinates; has description; high-value type; has external URL; strong travel term,26.10216,-80.14349,Jaxson's Ice Cream,northamerica/unitedstates/florida/fortlauderdale/jaxsons_ice_cream,0.5,5.155,2.24,has_external_url,https://www.antiquecarmuseum.net/,https://en.wikivoyage.org/wiki/Fort_Lauderdale
northamerica/unitedstates/tennessee/clarksville,Clarksville,Clarksville (Tennessee),8,24,see,Don F. Pratt Memorial Museum,0.93,candidate,has coordinates; has description; high-value type; has external URL; strong travel term,36.6384,-87.4549,Downtown Historic District,northamerica/unitedstates/tennessee/clarksville/downtown_clarksville,0.377,14.991,14.991,has_external_url,http://www.fortcampbell.com/pratt.php,https://en.wikivoyage.org/wiki/Clarksville_%28Tennessee%29
africa/southafrica/krugernationalpark,Kruger National Park,Kruger National Park,7,74,see,Letaba Elephant Hall,0.93,candidate,has coordinates; has description; high-value type; has external URL; strong travel term,-23.85337,31.57486,Satara Rest Camp,africa/southafrica/krugernationalpark/satara_camp,0.444,63.644,15.154,has_external_url,https://www.sanparks.org/parks/kruger/elephants/,https://en.wikivoyage.org/wiki/Kruger_National_Park
northamerica/unitedstates/oklahoma/broken_bow,Broken Bow,Broken Bow (Oklahoma),11,8,see,Hochatown Rescue Center & Petting Zoo,0.93,candidate,has coordinates; has description; high-value type; has external URL; strong travel term,34.1513,-94.75116,Hochatown Distilling Company,northamerica/unitedstates/oklahoma/broken_bow/hochatown_distilling,0.507,2.644,13.645,has_external_url,https://facebook.com/HochatownPettingZoo,https://en.wikivoyage.org/wiki/Broken_Bow_%28Oklahoma%29
europe/unitedkingdom/england/bristol_plymouth_and_the_south_west/bath,Bath,Bath,20,96,see,Royal Victoria Park,0.93,candidate,has coordinates; has description; high-value type; has external URL; strong travel term,51.3867,-2.3742,Royal Crescent,europe/unitedkingdom/england/bristol_plymouth_and_the_south_west/bath/royal_crescent,0.514,0.486,1.167,has_external_url,https://visitbath.co.uk/things-to-do/royal-victoria-park-p25701,https://en.wikivoyage.org/wiki/Bath
northamerica/unitedstates/indiana/richmond,Richmond,Richmond (Indiana),7,14,do,Thistlethwaite Falls,0.93,candidate,has coordinates; has description; high-value type; has external URL; strong travel term,39.84726,-84.89786,Wayne County Historical Museum,northamerica/unitedstates/indiana/richmond/wayne_county_historical_museum,0.36,2.399,2.144,has_external_url,https://www.richmondindiana.gov/location/springwood-park,https://en.wikivoyage.org/wiki/Richmond_%28Indiana%29
southamerica/ecuador/guayaquil,Guayaquil,Guayaquil,15,26,do,Bosque Protector Cerro Blanco,0.93,candidate,has coordinates; has description; high-value type; has external URL; strong travel term,-2.18637,-80.01773,Monumento Rocafuerte,southamerica/ecuador/guayaquil/monumento_rocafuer,0.367,15.351,14.546,has_external_url,http://bosquecerroblanco.org/es/,https://en.wikivoyage.org/wiki/Guayaquil
northamerica/canada/britishcolumbia/kelowna,Kelowna,Kelowna,7,69,do,Myra-Bellevue Provincial Park,0.93,candidate,has coordinates; has description; high-value type; has external URL; strong travel term,49.7968,-119.3236,Knox Mountain Park,northamerica/canada/britishcolumbia/kelowna/knox_mountain_park,0.34,17.036,15.977,has_external_url,https://bcparks.ca/explore/parkpgs/myra/,https://en.wikivoyage.org/wiki/Kelowna
europe/hungary/kecskemet,Kecskemét,Kecskemét,12,106,do,Nyíri forest,0.93,candidate,has coordinates; has description; high-value type; has external URL; strong travel term,46.927,19.579,Kodály Institute,europe/hungary/kecskemet/kodaly_institute,0.357,8.86,8.859,has_external_url,http://www.kefag.hu,https://en.wikivoyage.org/wiki/Kecskem%C3%A9t
europe/russia/ural/ekaterinburg,Ekaterinburg,Yekaterinburg,11,72,do,Aquapark Limpopo,0.93,candidate,has coordinates; has description; high-value type; has external URL; strong travel term,56.7915,60.6468,Rastorguev-Kharitonov Palace,europe/russia/ural/ekaterinburg/kharitonov_palace,0.318,6.365,5.9,has_external_url,http://www.limpopo-park.ru/,https://en.wikivoyage.org/wiki/Yekaterinburg
europe/unitedkingdom/england/eastern_england/southendonsea,Southend-on-Sea,Southend-on-Sea,10,58,do,The Cliffs Pavilion,0.93,candidate,has coordinates; has description; high-value type; has external URL; strong travel term,51.53519,0.69717,Southend Cliff Railway,europe/unitedkingdom/england/eastern_england/southendonsea/southend_cliff_railway,0.486,0.964,1.155,has_external_url,http://www.thecliffspavilion.co.uk/,https://en.wikivoyage.org/wiki/Southend-on-Sea
asia/china/guangdong/zhuhai,Zhuhai,Zhuhai,6,68,see,Guyuan Museum of Art,0.93,candidate,has coordinates; has description; high-value type; has external URL; strong travel term,22.286605,113.546793,New Yuanming Palace,asia/china/guangdong/zhuhai/new_yuanming_palace,0.359,23.019,2.88,has_external_url,http://www.gyart.org/,https://en.wikivoyage.org/wiki/Zhuhai
northamerica/unitedstates/louisiana/monroe,Monroe,Monroe (Louisiana),8,16,see,Northeast Louisiana Children's Museum,0.93,candidate,has coordinates; has description; high-value type; has external URL; strong travel term,32.50413,-92.11999,Ouachita River Riverwalk,northamerica/unitedstates/louisiana/monroe/ouachita_river,0.427,0.573,0.653,has_external_url,https://www.nelcm.org/,https://en.wikivoyage.org/wiki/Monroe_%28Louisiana%29
australiaandpacific/australia/queensland/sunshinecoast,Sunshine Coast,Sunshine Coast,7,112,do,Buderim Forest Park and Falls,0.93,candidate,has coordinates; has description; high-value type; has external URL; strong travel term,-26.67913,153.048137,Noosa National Park,australiaandpacific/australia/queensland/sunshinecoast/noosa_national_park,0.333,33.398,5.267,has_external_url,http://www.buderim.com/buderim-forest,https://en.wikivoyage.org/wiki/Sunshine_Coast
australiaandpacific/australia/queensland/cairns,Cairns,Cairns,10,45,do,Spirit of Freedom,0.93,candidate,has coordinates; has description; high-value type; has external URL; strong travel term,-16.92334,145.76509,Great Barrier Reef Day Trips,australiaandpacific/australia/queensland/cairns/great_barrier_reef_trips,0.356,1.481,1.481,has_external_url,https://www.spiritoffreedom.com.au/,https://en.wikivoyage.org/wiki/Cairns
northamerica/unitedstates/montana/great_falls,Great Falls,Great Falls (Montana),10,35,do,Gibson Park,0.93,candidate,has coordinates; has description; high-value type; has external URL; strong travel term,47.51028,-111.32514,Giant Springs State Park,northamerica/unitedstates/montana/great_falls/giant_springs_state_park,0.457,7.36,2.567,has_external_url,https://greatfallsmt.net/recreation/gibson-park-0,https://en.wikivoyage.org/wiki/Great_Falls_%28Montana%29
asia/indonesia/java/ambarawa,Ambarawa,Ambarawa,7,18,do,Banaran Agrotourism Park,0.93,candidate,has coordinates; has description; high-value type; has external URL; strong travel term,-7.253937,110.441438,Bandungan Flower Market,asia/indonesia/java/ambarawa/bandungan_market,0.511,9.174,4.568,has_external_url,https://kampoengkopibanaran.id/,https://en.wikivoyage.org/wiki/Ambarawa
europe/poland/poznan,Poznan,Poznań,12,96,do,Nowe Zoo,0.93,candidate,has coordinates; has description; high-value type; has external URL; strong travel term,52.40033,16.99562,Nierozpoznani,europe/poland/poznan/nierozpoznani,0.381,4.772,4.825,has_external_url,https://zoo.poznan.pl,https://en.wikivoyage.org/wiki/Pozna%C5%84
northamerica/unitedstates/arizona/cave_creek,Cave Creek,Cave Creek,0,31,do,Cave Creek Fiesta Days,0.93,candidate,has coordinates; has description; high-value type; has external URL; strong travel term,33.821741,-112.021125,,,0.0,,7.051,has_external_url,http://www.cavecreekrodeo.com/,https://en.wikivoyage.org/wiki/Cave_Creek
asia/japan/shikoku/matsuyama,Matsuyama,Matsuyama,12,59,see,Tobe Zoo,0.93,candidate,has coordinates; has description; high-value type; has external URL; strong travel term,33.762389,132.79275,Taiho-ji,asia/japan/shikoku/matsuyama/taiho_ji,0.375,9.98,8.939,has_external_url,http://www.tobezoo.com,https://en.wikivoyage.org/wiki/Matsuyama
europe/austria/linz,Linz,Linz,11,63,see,Mauthausen concentration camp memorial,0.93,candidate,has coordinates; has description; high-value type; has external URL; strong travel term,48.257283,14.500749,Ars Electronica Center,europe/austria/linz/ars_electronica_center,0.4,16.887,16.835,has_external_url,https://www.mauthausen-memorial.org/,https://en.wikivoyage.org/wiki/Linz
europe/russia/irkutsk,Irkutsk,Irkutsk,10,66,see,Eksperimentary science museum,0.93,candidate,has coordinates; has description; high-value type; has external URL; strong travel term,52.248975,104.272109,Irkutsk Regional Museum,europe/russia/irkutsk/regional_museum,0.462,4.209,4.495,has_external_url,http://experimentary.ru,https://en.wikivoyage.org/wiki/Irkutsk
europe/switzerland/lugano,Lugano,Lugano,7,47,do,Swissminiatur,0.93,candidate,has coordinates; has description; high-value type; has external URL; strong travel term,45.953589,8.950617,Monte Brè,europe/switzerland/lugano/monte_bre,0.381,6.805,5.718,has_external_url,http://www.swissminiatur.ch,https://en.wikivoyage.org/wiki/Lugano
northamerica/unitedstates/virginia/virginiabeach,Virginia Beach,Virginia Beach,7,35,see,Atlantic Wildfowl Heritage Museum,0.93,candidate,has coordinates; has description; high-value type; has external URL; strong travel term,36.8403,-75.9728,First Landing State Park,northamerica/unitedstates/virginia/virginiabeach/first_landing_state_park,0.351,,1.081,has_external_url,http://www.awhm.org/,https://en.wikivoyage.org/wiki/Virginia_Beach
europe/germany/badenwrttemberg/stuttgart,Stuttgart,Stuttgart,27,176,see,Grabkapelle Württemberg,0.93,candidate,has coordinates; has description; high-value type; has external URL; strong travel term,48.78203,9.26878,Mineral Bath Berg,europe/germany/badenwrttemberg/stuttgart/mineralbathberg,0.45,4.828,6.516,has_external_url,http://www.grabkapelle-rotenberg.de/en/home/,https://en.wikivoyage.org/wiki/Stuttgart
northamerica/unitedstates/newhampshire/hanover,Hanover,Hanover (New Hampshire),10,28,see,Montshire Museum of Science,0.93,candidate,has coordinates; has description; high-value type; has external URL; strong travel term,43.700278,-72.305278,Hood Museum of Art,northamerica/unitedstates/newhampshire/hanover/hood_museum_of_art,0.533,1.397,1.312,has_external_url,http://www.montshire.org,https://en.wikivoyage.org/wiki/Hanover_%28New_Hampshire%29
asia/india/goa/panaji,Panaji,Panaji,18,49,do,Dr. Salim Ali Bird Sanctuary,0.93,candidate,has coordinates; has description; high-value type; has external URL; strong travel term,15.5146,73.8575,Kala Academy,asia/india/goa/panaji/kala_academy,0.359,4.825,3.586,has_external_url,https://www.incredibleindia.org/content/incredible-india-v2/en/destinations/kochi/listicles/things-to-do/dr-salim-ali-bird-sanctuary.html,https://en.wikivoyage.org/wiki/Panaji
europe/france/east/alsace/mulhouse,Mulhouse,Mulhouse,7,27,do,Musée du papier peint,0.93,candidate,has coordinates; has description; high-value type; has external URL; strong travel term,47.74434,7.39734,Musée de l'Impression sur Étoffes,europe/france/east/alsace/mulhouse/musee_impression_etoffes,0.468,4.4,4.37,has_external_url,http://www.museepapierpeint.org/,https://en.wikivoyage.org/wiki/Mulhouse
europe/italy/puglia/gravina_in_puglia,Gravina in Puglia,Gravina di Puglia,7,71,see,Bosco Difesa Grande,0.93,candidate,has coordinates; has description; high-value type; has external URL; strong travel term,40.741032,16.42644,Casale del Grano,europe/italy/puglia/gravina_in_puglia/trattoria_casale_del_grano,0.516,8.539,8.756,has_external_url,http://www.boscodifesagrande.it/,https://en.wikivoyage.org/wiki/Gravina_di_Puglia
asia/taiwan/keelung,Keelung,Keelung,12,18,see,National Museum of Marine Science and Technology,0.93,candidate,has coordinates; has description; high-value type; has external URL; strong travel term,25.1401,121.79857,Miaokou Daytime Seafood Stalls,asia/taiwan/keelung/miaokou_seafood_stalls,0.333,5.852,6.136,has_external_url,https://www.nmmst.gov.tw/enhtml/index.aspx,https://en.wikivoyage.org/wiki/Keelung
europe/poland/warsaw,Warsaw,Warsaw,56,70,see,Nożyk Synagogue,0.93,candidate,has coordinates; has description; high-value type; has external URL; strong travel term,52.236,21.001,Nowy Świat,europe/poland/warsaw/nowy_swiat,0.417,1.199,4.786,has_external_url,http://www.warszawa.jewish.org.pl,https://en.wikivoyage.org/wiki/Warsaw
europe/ireland/limerick,Limerick,Limerick,15,43,see,Glenstal Abbey,0.93,candidate,has coordinates; has description; high-value type; has external URL; strong travel term,52.6618,-8.3884,Medieval Quarter,europe/ireland/limerick/medieval_quarter,0.4,15.997,16.073,has_external_url,https://glenstal.com/abbey/,https://en.wikivoyage.org/wiki/Limerick
europe/italy/puglia/lecce,Lecce,Lecce,7,27,see,Sigismondo Castromediano Archaeological Museum,0.93,candidate,has coordinates; has description; high-value type; has external URL; strong travel term,40.34719,18.17138,Museo Provinciale Sigismondo Castromediano,europe/italy/puglia/lecce/museo_provinciale,0.545,0.762,22.174,has_external_url,https://www.comune.lecce.it/vivi-lecce/musei-e-gallerie/museo-provinciale-sigismondo-castromediano,https://en.wikivoyage.org/wiki/Lecce
asia/china/anhui/hefei,Hefei,Hefei,15,55,see,Hefei Sea World/aquarium,0.93,candidate,has coordinates; has description; high-value type; has external URL; strong travel term,31.78299,117.20989,Hefei Botanical Garden,asia/china/anhui/hefei/hefei_botanical_garden,0.435,8.966,11.608,has_external_url,http://www.hfuww.com,https://en.wikivoyage.org/wiki/Hefei
europe/unitedkingdom/england/leeds_sheffield_and_yorkshire/scarborough,Scarborough,Scarborough,7,25,do,North Yorkshire Water Park,0.93,candidate,has coordinates; has description; high-value type; has external URL; strong travel term,54.226,-0.485,Stephen Joseph Theatre,europe/unitedkingdom/england/leeds_sheffield_and_yorkshire/scarborough/stephen_joseph_theatre,0.25,7.953,8.272,has_external_url,https://www.northyorkshirewaterpark.co.uk/,https://en.wikivoyage.org/wiki/Scarborough
northamerica/unitedstates/michigan/muskegon,Muskegon,Muskegon,13,29,see,S.S. Milwaukee Clipper,0.93,candidate,has coordinates; has description; high-value type; has external URL; strong travel term,43.221944,-86.295833,Muskegon Chophouse,northamerica/unitedstates/michigan/muskegon/muskegon_chophouse,0.41,4.039,4.078,has_external_url,https://www.milwaukeeclipper.com/,https://en.wikivoyage.org/wiki/Muskegon
australiaandpacific/fiji/vitilevu/nadi,Nadi,Nadi,12,24,do,Pacific Island Air Scenic Flights,0.93,candidate,has coordinates; has description; high-value type; has external URL; strong travel term,-17.75787,177.44766,Denarau Island and Marina,australiaandpacific/fiji/vitilevu/nadi/denarau_marina,0.448,6.896,2.321,has_external_url,http://www.pacificislandair.com/Scenic-Flights/Fiji-scenic-helicopter-flights-__I.6188,https://en.wikivoyage.org/wiki/Nadi
australiaandpacific/newzealand/nelson,Nelson,Nelson (New Zealand),18,40,do,Cable Bay Adventure Park,0.93,candidate,has coordinates; has description; high-value type; has external URL; strong travel term,-41.2022,173.412,Maitai River Walkway,australiaandpacific/newzealand/nelson/maitai_river_walkway,0.409,12.933,13.184,has_external_url,https://www.cablebayadventurepark.com/,https://en.wikivoyage.org/wiki/Nelson_%28New_Zealand%29
europe/ukraine/kyiv,Kyiv,Kyiv,52,205,do,Palace of Sports,0.93,candidate,has coordinates; has description; high-value type; has external URL; strong travel term,50.437222,30.522222,PinchukArtCentre,europe/ukraine/kyiv/pinchuk_art_centre,0.502,0.498,1.427,has_external_url,https://www.spalace.com.ua,https://en.wikivoyage.org/wiki/Kyiv
northamerica/unitedstates/pennsylvania/scranton,Scranton,Scranton,15,41,do,Montage Mountain Ski Resort,0.93,candidate,has coordinates; has description; high-value type; has external URL; strong travel term,41.3533,-75.6592,Anthracite Heritage Museum,northamerica/unitedstates/pennsylvania/scranton/anthracite_heritage_museum,0.377,5.726,6.164,has_external_url,https://www.montagemountainresorts.com/,https://en.wikivoyage.org/wiki/Scranton
northamerica/unitedstates/florida/lake_wales,Lake Wales,Lake Wales,4,40,see,Florida's Natural Grove House,0.93,candidate,has coordinates; has description; high-value type; has external URL; strong travel term,27.908348,-81.602334,Bok Tower Gardens,northamerica/unitedstates/florida/lake_wales/bok_tower_gardens,0.391,3.865,1.789,has_external_url,http://floridasnatural.com/who-we-are/visitors-center.php,https://en.wikivoyage.org/wiki/Lake_Wales
northamerica/unitedstates/southcarolina/columbia,Columbia,Columbia (South Carolina),14,35,see,Edventure Children's Museum,0.93,candidate,has coordinates; has description; high-value type; has external URL; strong travel term,33.99723,-81.048086,South Carolina State Museum,northamerica/unitedstates/southcarolina/columbia/south_carolina_state_museum,0.519,0.919,1.248,has_external_url,https://edventure.org/columbia,https://en.wikivoyage.org/wiki/Columbia_%28South_Carolina%29
europe/france/nord/lille,Lille,Lille,22,79,see,La Piscine,0.93,candidate,has coordinates; has description; high-value type; has external URL; strong travel term,50.692636,3.167305,Estaminets (Traditional Flemish Taverns),europe/france/nord/lille/estaminet,0.471,9.318,9.611,has_external_url,http://www.roubaix-lapiscine.com/,https://en.wikivoyage.org/wiki/Lille
asia/thailand/cha_am,Cha Am,Cha-am,3,8,do,Wildlife Friends Foundation Thailand,0.93,candidate,has coordinates; has description; high-value type; has external URL; strong travel term,12.79873,99.806691,Kaeng Krachan National Park,asia/thailand/cha_am/kaeng_krachan_national_park,0.381,27.583,17.296,has_external_url,https://www.wfft.org/,https://en.wikivoyage.org/wiki/Cha-am
northamerica/unitedstates/connecticut/new_london,New London,New London (Connecticut),6,18,see,Lyman Allyn Art Museum,0.93,candidate,has coordinates; has description; high-value type; has external URL; strong travel term,41.3737,-72.1072,United States Coast Guard Academy,northamerica/unitedstates/connecticut/new_london/us_coast_guard_academy,0.364,1.251,2.104,has_external_url,http://www.lymanallyn.org,https://en.wikivoyage.org/wiki/New_London_%28Connecticut%29
northamerica/unitedstates/colorado/boulder,Boulder,Boulder,5,46,do,Eldorado Canyon State Park,0.93,candidate,has coordinates; has description; high-value type; has external URL; strong travel term,39.9306,-105.292,Boulder Dushanbe Teahouse,northamerica/unitedstates/colorado/boulder/dushanbe_teahouse,0.353,9.512,9.56,has_external_url,http://parks.state.co.us/parks/eldoradocanyon,https://en.wikivoyage.org/wiki/Boulder
europe/italy/lombardia/como,Como,Como,10,35,see,Museo Archeologico Paolo Giovio,0.93,candidate,has coordinates; has description; high-value type; has external URL; strong travel term,45.8086331,9.0861949,Museo della Seta (Silk Museum),europe/italy/lombardia/como/silk_museum,0.426,12.34,12.387,has_external_url,http://www.visitcomo.eu/en/enjoy/culture_in_como/museo-archeologico/index.html,https://en.wikivoyage.org/wiki/Como
northamerica/unitedstates/arizona/phoenix,Phoenix,Phoenix,54,145,do,Enchanted Island Amusement Park,0.93,candidate,has coordinates; has description; high-value type; has external URL; strong travel term,33.4738,-112.0887,Encanto Park,northamerica/unitedstates/arizona/phoenix/encanto_park,0.512,0.499,3.127,has_external_url,http://www.enchantedisland.com/,https://en.wikivoyage.org/wiki/Phoenix
asia/china/zhejiang/wenzhou,Wenzhou,Wenzhou,8,76,see,Jingshan Park,0.93,candidate,has coordinates; has description; high-value type; has external URL; strong travel term,27.9998772932,120.6197994263,Jiangxin Island,asia/china/zhejiang/wenzhou/jiangxin_island,0.429,6.019,7.427,has_external_url,http://www.wzjsgy.cn/,https://en.wikivoyage.org/wiki/Wenzhou
europe/finland/rovaniemi,Rovaniemi,Rovaniemi,8,183,do,Arctic Circle National Hiking Area,0.93,candidate,has coordinates; has description; high-value type; has external URL; strong travel term,66.61923,26.18348,Santa Claus Village,europe/finland/rovaniemi/santa_claus_village,0.377,17.081,23.873,has_external_url,http://www.nationalparks.fi/arcticcircle,https://en.wikivoyage.org/wiki/Rovaniemi
asia/india/madhyapradesh/bhopal,Bhopal,Bhopal,7,24,see,Indira Gandhi Rashtriya Manav Sangrahalaya,0.93,candidate,has coordinates; has description; high-value type; has external URL; strong travel term,23.23204,77.37774,Bhopal Gas Tragedy Memorial Museum,asia/india/madhyapradesh/bhopal/bhopal_gas_tragedy_memorial,0.342,6.254,3.845,has_external_url,http://igrms.com/,https://en.wikivoyage.org/wiki/Bhopal
europe/russia/ural/south_ural/chelyabinsk,Chelyabinsk,Chelyabinsk,8,13,do,Uralskaya Lightning Ice Palace,0.93,candidate,has coordinates; has description; high-value type; has external URL; strong travel term,55.1682,61.372,Traktor Ice Arena,europe/russia/ural/south_ural/chelyabinsk/traktor_ice_arena,0.468,5.43,2.152,has_external_url,http://um74.ru/,https://en.wikivoyage.org/wiki/Chelyabinsk
europe/unitedkingdom/england/bristol_plymouth_and_the_south_west/devon/plymouth,Plymouth,Plymouth (England),13,55,do,Plym Valley Cycle Path,0.93,candidate,has coordinates; has description; high-value type; has external URL; strong travel term,50.393523,-4.081629,Mayflower Steps,europe/unitedkingdom/england/bristol_plymouth_and_the_south_west/devon/plymouth/mayflower_steps,0.378,5.175,4.962,has_external_url,https://www.nationaltrust.org.uk/plymbridge-woods-and-plym-valley/trails/plymbridge-woods-family-cycle-trail,https://en.wikivoyage.org/wiki/Plymouth_%28England%29
europe/greece/thassos_island,Thassos,Thasos,14,112,do,Papalimani,0.93,candidate,has coordinates; has description; high-value type; has external URL; strong travel term,40.7836,24.6685,Ypsario Mountain,europe/greece/thassos_island/ypsario_mountain,0.462,9.449,11.121,has_external_url,https://www.emtgreece.com/en/beaches/papalimani-beach,https://en.wikivoyage.org/wiki/Thasos
europe/sweden/nora,Nora,Nora,2,13,see,Göthlinska gården,0.93,candidate,has coordinates; has description; high-value type; has external URL; strong travel term,59.518319,15.041589,Nora Bergslags Veteran-Järnväg,europe/sweden/nora/museum_railway,0.499,0.501,2.182,has_external_url,http://www.visitnora.se/se--gora/besoksmal/gothlinska-garden.html,https://en.wikivoyage.org/wiki/Nora
europe/croatia/rijeka,Rijeka,Rijeka,6,40,see,Modern and Contemporary Art Museum,0.93,candidate,has coordinates; has description; high-value type; has external URL; strong travel term,45.330765,14.431895,PEEK&POKE Computer Museum,europe/croatia/rijeka/peek_and_poke,0.54,0.918,0.918,has_external_url,http://mmsu.hr,https://en.wikivoyage.org/wiki/Rijeka
asia/china/jiangsu_province/yangzhou,Yangzhou,Yangzhou,11,19,see,Zhuyuwan Scenic Area and Yangzhou Zoo,0.93,candidate,has coordinates; has description; high-value type; has external URL; strong travel term,32.43115,119.485506,Daming Temple and Jianzheng Pagoda,asia/china/jiangsu_province/yangzhou/daming_temple,0.423,7.322,7.978,has_external_url,http://www.yzzyw.com/pindex.asp,https://en.wikivoyage.org/wiki/Yangzhou
northamerica/belize/belmopan,Belmopan,Belmopan,6,25,see,St. Herman’s Cave,0.93,candidate,has coordinates; has description; high-value type; has external URL; strong travel term,17.143,-88.69,St. Herman's Blue Hole National Park,northamerica/belize/belmopan/st_hermans_blue_hole,0.51,9.59,14.561,has_external_url,http://www.belizeit.com/st-hermans-cave.html,https://en.wikivoyage.org/wiki/Belmopan
europe/denmark/sonderborg,Sønderborg,Sønderborg,11,19,see,Augustenborg,0.93,candidate,has coordinates; has description; high-value type; has external URL; strong travel term,54.95201,9.87216,Støvlen — The Boot,europe/denmark/sonderborg/the_boot,0.5,5.954,7.117,has_external_url,http://augustenborg.dk/,https://en.wikivoyage.org/wiki/S%C3%B8nderborg
europe/belgium/genk,Genk,Genk,6,10,see,Emile Van Dorenmuseum,0.93,candidate,has coordinates; has description; high-value type; has external URL; strong travel term,50.966843,5.513077,Bokrijk Open Air Museum,europe/belgium/genk/bokrijk,0.455,3.2,0.918,has_external_url,http://www.emilevandorenmuseum.be/,https://en.wikivoyage.org/wiki/Genk
northamerica/unitedstates/texas/fort_worth,Fort Worth,Fort Worth,24,85,do,NRH2O Family Water Park,0.93,candidate,has coordinates; has description; high-value type; has external URL; strong travel term,32.8509,-97.1931,Fort Worth Water Gardens,northamerica/unitedstates/texas/fort_worth/fort_worth_water_gardens,0.426,16.999,16.978,has_external_url,http://www.nrh2o.com/,https://en.wikivoyage.org/wiki/Fort_Worth
northamerica/canada/northwestterritories/yellowknife,Yellowknife,Yellowknife,12,37,see,Nature's North Wildlife Gallery,0.93,candidate,has coordinates; has description; high-value type; has external URL; strong travel term,62.4312,-114.4243,Great Slave Lake,northamerica/canada/northwestterritories/yellowknife/great_slave_lake,0.383,3.069,3.5,has_external_url,https://www.naturesnorth.ca/,https://en.wikivoyage.org/wiki/Yellowknife
europe/italy/veneto/vicenza,Vicenza,Vicenza,9,14,see,Il Santuario di Monte Berico,0.93,candidate,has coordinates; has description; high-value type; has external URL; strong travel term,45.5346,11.5457,Antonio Pigafetta Birthplace,europe/italy/veneto/vicenza/antonio_pigafetta,0.429,1.385,15.552,has_external_url,http://www.monteberico.it,https://en.wikivoyage.org/wiki/Vicenza
northamerica/unitedstates/california/santaclarita,Santa Clarita,Santa Clarita,11,10,do,The Gentle Barn,0.93,candidate,has coordinates; has description; high-value type; has external URL; strong travel term,34.46384,-118.411801,Beale's Cut,northamerica/unitedstates/california/santaclarita/beales_cut,0.364,14.143,14.201,has_external_url,https://www.gentlebarn.org/,https://en.wikivoyage.org/wiki/Santa_Clarita
europe/netherlands/enschede,Enschede,Enschede,14,28,see,Volkspark,0.93,candidate,has coordinates; has description; high-value type; has external URL; strong travel term,52.220489,6.87948,Grote Kerk (St Jacobskerk),europe/netherlands/enschede/grote_kerk,0.421,0.908,0.994,has_external_url,http://www.volkspark.nl/index.php,https://en.wikivoyage.org/wiki/Enschede
europe/italy/lombardia/lagodigarda/sirmione,Sirmione,Sirmione,5,10,see,Centro storico navetta,0.93,candidate,has coordinates; has description; high-value type; has external URL; strong travel term,45.465639,10.607005,Rocca Scaligera,europe/italy/lombardia/lagodigarda/sirmione/rocca_scaligera,0.432,2.922,0.357,has_external_url,http://www.sirmionebs.it/italian/news.php?idnews=1342,https://en.wikivoyage.org/wiki/Sirmione
southamerica/venezuela/altos_mirandinos/los_teques,Los Teques,Los Teques,2,7,see,St. Philip Neri Cathedral,0.93,candidate,has coordinates; has description; high-value type; has external URL; strong travel term,10.34934,-67.04244,Museo de los Niños de Los Teques,southamerica/venezuela/altos_mirandinos/los_teques/museo_de_los_ninos,0.333,0.716,0.698,has_external_url,https://kiosco-san-felipe.negocio.site/,https://en.wikivoyage.org/wiki/Los_Teques
northamerica/canada/britishcolumbia/victoria,Victoria,Victoria (British Columbia),12,87,do,Swan Lake Christmas Hill Nature Sanctuary,0.93,candidate,has coordinates; has description; high-value type; has external URL; strong travel term,48.46481,-123.37372,Fan Tan Alley,northamerica/canada/britishcolumbia/victoria/fan_tan_alley,0.296,4.005,4.093,has_external_url,https://www.swanlake.bc.ca/,https://en.wikivoyage.org/wiki/Victoria_%28British_Columbia%29
asia/china/shandong_province/zaozhuang,Zaozhuang,Zaozhuang,2,29,see,Zaozhuang Museum,0.93,candidate,has coordinates; has description; high-value type; has external URL; strong travel term,34.84374,117.5597481,Lu Ban Memorial Hall,asia/china/shandong_province/zaozhuang/luban_memorial,0.389,21.135,21.135,has_external_url,http://www.zzsbwg.com/,https://en.wikivoyage.org/wiki/Zaozhuang
asia/japan/honshu/yokohama,Yokohama,Yokohama,7,98,see,Anpanman Children's Museum,0.93,candidate,has coordinates; has description; high-value type; has external URL; strong travel term,35.463235,139.62886,Sankeien Garden,asia/japan/honshu/yokohama/sankeien_garden,0.341,,1.523,has_external_url,http://www.yokohama-anpanman.jp/main.html,https://en.wikivoyage.org/wiki/Yokohama
asia/china/guizhou/guiyang,Guiyang,Guiyang,9,25,do,Guiyang Happy World,0.93,candidate,has coordinates; has description; high-value type; has external URL; strong travel term,26.67529,106.63661,Qianming Temple,asia/china/guizhou/guiyang/qianming_temple,0.412,13.747,12.803,has_external_url,http://www.gyhappyworld.com/,https://en.wikivoyage.org/wiki/Guiyang
northamerica/canada/ontario/north_bay,North Bay,North Bay (Ontario),6,31,do,Laurentian Ski Hill,0.93,candidate,has coordinates; has description; high-value type; has external URL; strong travel term,46.332507,-79.434265,Laurier Woods Conservation Area,northamerica/canada/ontario/north_bay/laurier_woods,0.4,4.199,3.306,has_external_url,https://www.laurentianskihill.com,https://en.wikivoyage.org/wiki/North_Bay_%28Ontario%29
northamerica/unitedstates/illinois/peoria,Peoria,Peoria (Illinois),15,28,see,Peoria Zoo,0.93,candidate,has coordinates; has description; high-value type; has external URL; strong travel term,40.7155,-89.5742,Peoria City Hall,northamerica/unitedstates/illinois/peoria/peoria_city_hall,0.538,3.018,2.71,has_external_url,http://www.peoriazoo.org/,https://en.wikivoyage.org/wiki/Peoria_%28Illinois%29
australiaandpacific/australia/queensland/rockhampton_1,Rockhampton,Rockhampton,4,19,see,Botanic Gardens,0.93,candidate,has coordinates; has description; high-value type; has external URL; strong travel term,-23.40143,150.49151,Capricorn Caves,australiaandpacific/australia/queensland/rockhampton_1/capricorn_caves,0.4,26.351,3.415,has_external_url,https://www.rockhamptonregion.qld.gov.au/FacilitiesRecreation/Parks-Gardens-and-Recreation/Rockhampton-Botanic-Gardens,https://en.wikivoyage.org/wiki/Rockhampton
europe/france/midi/provence/aixenprovence,Aix-en-Provence,Aix-en-Provence,20,38,see,Vasarely Foundation,0.93,candidate,has coordinates; has description; high-value type; has external URL; strong travel term,43.52161,5.42449,Fondation Vasarely,europe/france/midi/provence/aixenprovence/fondation_vasarely,0.432,1.67,2.067,has_external_url,https://www.fondationvasarely.org/en/,https://en.wikivoyage.org/wiki/Aix-en-Provence
europe/spain/centralspain/valladolid,Valladolid,Valladolid (Spain),14,24,see,Science Museum,0.93,candidate,has coordinates; has description; high-value type; has external URL; strong travel term,41.6375,-4.7453,Christopher Columbus Museum,europe/spain/centralspain/valladolid/columbus_museum,0.537,2.863,2.144,has_external_url,https://www.museocienciavalladolid.es/,https://en.wikivoyage.org/wiki/Valladolid_%28Spain%29
northamerica/thecaribbean/guadeloupe/grandeterre,Grande-Terre,Grande-Terre,11,19,see,Musé Edgar Clerc,0.93,candidate,has coordinates; has description; high-value type; has external URL; strong travel term,16.33962,-61.37715,Le Moule Surf Beaches,northamerica/thecaribbean/guadeloupe/grandeterre/le_moule_surf,0.364,2.998,11.027,has_external_url,https://terres-de-guadeloupe.com/musee-edgar-clerc-au-moule/,https://en.wikivoyage.org/wiki/Grande-Terre
northamerica/unitedstates/alabama/montgomery,Montgomery,Montgomery,24,41,do,The Capri Theatre,0.93,candidate,has coordinates; has description; high-value type; has external URL; strong travel term,32.35228,-86.29088,Chris' Hot Dogs,northamerica/unitedstates/alabama/montgomery/chris_hot_dogs,0.444,3.208,3.304,has_external_url,https://www.capritheatre.org/,https://en.wikivoyage.org/wiki/Montgomery
northamerica/unitedstates/arizona/page,Page,Page,9,12,do,American Aviation,0.93,candidate,has coordinates; has description; high-value type; has external URL; strong travel term,36.92447,-111.45059,Antelope Canyon,northamerica/unitedstates/arizona/page/antelope_canyon,0.438,9.718,1.181,has_external_url,http://www.AmericanAviationWest.com,https://en.wikivoyage.org/wiki/Page
europe/unitedkingdom/scotland/peterhead,Peterhead,Peterhead,1,30,see,Arbuthnot Museum,0.93,candidate,has coordinates; has description; high-value type; has external URL; strong travel term,57.507,-1.7814,Things to do in Peterhead,europe/unitedkingdom/scotland/peterhead/things_to_do,0.244,,0.27,has_external_url,https://www.livelifeaberdeenshire.org.uk/museums/find-a-museum/arbuthnot-museum/,https://en.wikivoyage.org/wiki/Peterhead
europe/switzerland/lugano,Lugano,Lugano,7,47,see,Hermann Hesse museum,0.93,candidate,has coordinates; has description; high-value type; has external URL; strong travel term,45.983083,8.918976,MASI Lugano,europe/switzerland/lugano/masi_lugano,0.323,3.32,3.528,has_external_url,http://www.hessemontagnola.ch/,https://en.wikivoyage.org/wiki/Lugano
europe/greece/crete/sitia,Sitia,Sitia,8,5,do,Richtis Gorge and Waterfall,0.93,candidate,has coordinates; has description; high-value type; has external URL; strong travel term,35.16437,25.9891,Sitia Waterfront,europe/greece/crete/sitia/sitia_waterfront,0.512,11.263,11.223,has_external_url,https://www.sitia.gr/en/visitor/rixti/rixti.html,https://en.wikivoyage.org/wiki/Sitia
europe/netherlands/haarlem,Haarlem,Haarlem,17,53,see,Rooms-Katholieke Kathedrale Basiliek Sint Bavo,0.93,candidate,has coordinates; has description; high-value type; has external URL; strong travel term,52.376529,4.622133,Molen de Adriaan,europe/netherlands/haarlem/molen_de_adriaan,0.339,1.412,1.75,has_external_url,http://www.rkbavo.nl/,https://en.wikivoyage.org/wiki/Haarlem
europe/belgium/dinant,Dinant,Dinant,1,18,see,Abbaye Notre-Dame de Leffe,0.93,candidate,has coordinates; has description; high-value type; has external URL; strong travel term,50.269,4.90722,La Merveilleuse,europe/belgium/dinant/la_merveilleuse,0.286,1.548,1.167,has_external_url,http://www.abbaye-de-leffe.be/en/,https://en.wikivoyage.org/wiki/Dinant
europe/switzerland/andermatt,Andermatt,Andermatt,5,5,see,Talmuseum Ursern,0.93,candidate,has coordinates; has description; high-value type; has external URL; strong travel term,46.63267,8.59526,Urseren Valley,europe/switzerland/andermatt/urseren_valley,0.4,4.731,0.157,has_external_url,http://www.museum-ursern.ch,https://en.wikivoyage.org/wiki/Andermatt
northamerica/unitedstates/pennsylvania/erie,Erie,Erie,12,36,do,Waldameer Park and Water World,0.93,candidate,has coordinates; has description; high-value type; has external URL; strong travel term,42.1087,-80.1555,Warner Theatre,northamerica/unitedstates/pennsylvania/erie/warner_theatre,0.364,6.299,6.236,has_external_url,http://www.waldameer.com/,https://en.wikivoyage.org/wiki/Erie
northamerica/canada/quebec/longueuil,Longueuil,Longueuil,3,38,do,Réserve naturelle du Boisé-Du Tremblay,0.93,candidate,has coordinates; has description; high-value type; has external URL; strong travel term,45.54092,-73.42928,Parc Marie-Victorin,northamerica/canada/quebec/longueuil/parc_marie_victorin,0.32,3.323,3.461,has_external_url,https://nature-action.qc.ca/projets/reserve-naturelle-du-boise-du-tremblay/,https://en.wikivoyage.org/wiki/Longueuil
northamerica/unitedstates/arizona/williams,Williams,Williams (Arizona),4,17,do,Wild West Junction,0.93,candidate,has coordinates; has description; high-value type; has external URL; strong travel term,35.251768,-112.18494,Grand Canyon Railway,northamerica/unitedstates/arizona/williams/grand_canyon_railway,0.429,0.571,0.588,has_external_url,http://www.wildwestjunction.com,https://en.wikivoyage.org/wiki/Williams_%28Arizona%29
africa/kenya/thecoast/mombasa,Mombasa,Mombasa,20,137,do,Bamburi Forest Trails and Butterfly Park,0.93,candidate,has coordinates; has description; high-value type; has external URL; strong travel term,-3.988793,39.734069,Tamarind Restaurant,africa/kenya/thecoast/mombasa/tamarind_restaurant,0.441,8.303,10.108,has_external_url,http://www.opengreenmap.org/greenmap/mombasa/bamburi-forest-trails-butterfly-park-38760,https://en.wikivoyage.org/wiki/Mombasa
asia/india/maharashtra/nashik,Nashik,Nashik,5,73,see,WeGo Art Gallery & Art Exhibition,0.93,candidate,has coordinates; has description; high-value type; has external URL; strong travel term,19.965255,73.773413,Kalaram Temple,asia/india/maharashtra/nashik/kalaram_temple,0.245,3.677,5.408,has_external_url,https://wegogallery.art.blog/,https://en.wikivoyage.org/wiki/Nashik
europe/slovakia/banskabystrica,Banská Bystrica,Banská Bystrica,5,32,see,Harmanecká Cave,0.93,candidate,has coordinates; has description; high-value type; has external URL; strong travel term,48.8139,19.04017,St. Francis Xavier Cathedral,europe/slovakia/banskabystrica/st_francis_cathedral,0.39,11.687,12.074,has_external_url,http://www.ssj.sk/en/jaskyna/10-harmanecka-cave,https://en.wikivoyage.org/wiki/Bansk%C3%A1_Bystrica
asia/japan/honshu/himeji,Himeji,Himeji,14,23,see,Japan Toy Museum,0.93,candidate,has coordinates; has description; high-value type; has external URL; strong travel term,34.907444,134.745389,Himeji City Museum of Art,asia/japan/honshu/himeji/himeji_city_museum_of_art,0.537,8.678,11.608,has_external_url,https://japan-toy-museum.org/,https://en.wikivoyage.org/wiki/Himeji
europe/unitedkingdom/england/manchester_liverpool_and_north_west/carlisle,Carlisle,Carlisle,5,19,see,A World in Miniature,0.93,candidate,has coordinates; has description; high-value type; has external URL; strong travel term,54.9297,-2.9217,Carlisle Cathedral,europe/unitedkingdom/england/manchester_liverpool_and_north_west/carlisle/carlisle_cathedral,0.389,3.918,3.989,has_external_url,https://www.klondyke.co.uk/store-locator/houghton-hall-garden-centre-carlisle/,https://en.wikivoyage.org/wiki/Carlisle
europe/spain/northernspain/lacorua,La Coruña,A Coruña,8,37,see,Casa das Ciencias,0.93,candidate,has coordinates; has description; high-value type; has external URL; strong travel term,43.3621,-8.4125,Plaza de María Pita,europe/spain/northernspain/lacorua/placa_de_maria_pita,0.452,1.628,1.663,has_external_url,https://www.coruna.gal/mc2/es/casa-de-las-ciencias,https://en.wikivoyage.org/wiki/A_Coru%C3%B1a
europe/germany/bavaria/erlangen,Erlangen,Erlangen,6,167,see,Bubenreutheum (string instrument maker and music history museum),0.93,candidate,has coordinates; has description; high-value type; has external URL; strong travel term,49.6231479,11.0135103,Neustädter Kirche,europe/germany/bavaria/erlangen/neustaedter_kirche,0.4,3.116,4.439,has_external_url,http://www.bubenreutheum.de/en/museum/,https://en.wikivoyage.org/wiki/Erlangen
europe/unitedkingdom/northernireland/cookstown,Cookstown,Cookstown,12,26,see,Springhill House,0.93,candidate,has coordinates; has description; high-value type; has external URL; strong travel term,54.6857,-6.6556,The Sperrin Mountains,europe/unitedkingdom/northernireland/cookstown/sperrins,0.545,20.215,7.241,has_external_url,https://www.nationaltrust.org.uk/visit/northern-ireland/springhill,https://en.wikivoyage.org/wiki/Cookstown
europe/unitedkingdom/england/leeds_sheffield_and_yorkshire/sheffield,Sheffield,Sheffield,2,253,do,Five Weirs Walk,0.93,candidate,has coordinates; has description; high-value type; has external URL; strong travel term,53.3858,-1.4641,Kelham Island,europe/unitedkingdom/england/leeds_sheffield_and_yorkshire/sheffield/kelham_island,0.281,0.719,0.697,has_external_url,https://www.welcometosheffield.co.uk/content/attractions/five-weirs-walk/,https://en.wikivoyage.org/wiki/Sheffield
europe/hungary/pecs,Pécs,Pécs,9,63,do,Third Theatre of Pécs,0.93,candidate,has coordinates; has description; high-value type; has external URL; strong travel term,46.06457,18.19026,Mosque of Pasha Qasim,europe/hungary/pecs/mosque_of_pasha_qasim,0.333,3.221,3.237,has_external_url,http://www.pecsiharmadikszinhaz.hu,https://en.wikivoyage.org/wiki/P%C3%A9cs
northamerica/unitedstates/pennsylvania/harrisburg,Harrisburg,Harrisburg,6,44,see,Susquehanna Art Museum,0.93,candidate,has coordinates; has description; high-value type; has external URL; strong travel term,40.260833,-76.880833,Pennsylvania State Capitol,northamerica/unitedstates/pennsylvania/harrisburg/state_capitol,0.539,0.461,0.756,has_external_url,https://susquehannaartmuseum.org/,https://en.wikivoyage.org/wiki/Harrisburg
asia/china/henan_province/anyang,Anyang,Anyang,7,25,see,Mausoleum of Cao Cao,0.93,candidate,has coordinates; has description; high-value type; has external URL; strong travel term,36.242777,114.260293,Tomb of Fu Hao,asia/china/henan_province/anyang/tomb_of_fu_hao,0.471,14.441,18.087,has_external_url,https://www.anyangccgl.com,https://en.wikivoyage.org/wiki/Anyang
northamerica/canada/ontario/hamilton,Hamilton,Hamilton (Ontario),18,97,do,Christie Lake Conservation Area,0.93,candidate,has coordinates; has description; high-value type; has external URL; strong travel term,43.2785,-80.0291,Christ's Church Cathedral,northamerica/canada/ontario/hamilton/christ_church_cathedral,0.5,13.308,12.894,has_external_url,http://conservationhamilton.ca/conservation-areas-2/christie-lake/,https://en.wikivoyage.org/wiki/Hamilton_%28Ontario%29
europe/unitedkingdom/england/eastern_england/southendonsea,Southend-on-Sea,Southend-on-Sea,10,58,do,The Palace Theatre,0.93,candidate,has coordinates; has description; high-value type; has external URL; strong travel term,51.54375,0.69177,Adventure Island,europe/unitedkingdom/england/eastern_england/southendonsea/adventure_island,0.333,2.08,1.555,has_external_url,https://trafalgartickets.com/palace-theatre-southend/en-GB,https://en.wikivoyage.org/wiki/Southend-on-Sea
europe/hungary/debrecen,Debrecen,Debrecen,17,130,see,Hajdúszoboszló,0.93,candidate,has coordinates; has description; high-value type; has external URL; strong travel term,47.443639,21.389522,Halászcsárda,europe/hungary/debrecen/halaszcsarda,0.48,20.178,20.272,has_external_url,http://hajduszoboszlo.hu/,https://en.wikivoyage.org/wiki/Debrecen
europe/ireland/limerick,Limerick,Limerick,15,43,do,Munster Rugby,0.93,candidate,has coordinates; has description; high-value type; has external URL; strong travel term,52.6743,-8.6425,Thomond Park,europe/ireland/limerick/thomond_park,0.5,0.5,1.581,has_external_url,https://www.munsterrugby.ie,https://en.wikivoyage.org/wiki/Limerick
europe/hungary/kecskemet,Kecskemét,Kecskemét,12,106,do,ZOO,0.93,candidate,has coordinates; has description; high-value type; has external URL; strong travel term,46.8974,19.7195,Old Synagogue (House of Science and Technology),europe/hungary/kecskemet/synagogue,0.25,2.564,2.365,has_external_url,http://www.zookecskemet.hu/,https://en.wikivoyage.org/wiki/Kecskem%C3%A9t
europe/italy/lombardia/brescia,Brescia,Brescia,11,30,do,Museo Mille Miglia,0.93,candidate,has coordinates; has description; high-value type; has external URL; strong travel term,45.524655,10.267184,Castello di Brescia,europe/italy/lombardia/brescia/castello,0.432,4.02,4.014,has_external_url,http://www.museomillemiglia.it/en/,https://en.wikivoyage.org/wiki/Brescia
europe/france/normandybrittany/saintmalo,Saint Malo,Saint-Malo,10,16,see,Musée Jacques Cartier,0.93,candidate,has coordinates; has description; high-value type; has external URL; strong travel term,48.6736,-1.9665,Saint-Malo Cathedral,europe/france/normandybrittany/saintmalo/saintmalo_cathedral,0.39,5.107,5.128,has_external_url,http://www.musee-jacques-cartier.fr/,https://en.wikivoyage.org/wiki/Saint-Malo
europe/unitedkingdom/england/bristol_plymouth_and_the_south_west/swindon,Swindon,Swindon,6,27,see,Cotswold Water Park,0.93,candidate,has coordinates; has description; high-value type; has external URL; strong travel term,51.651944,-1.9575,Wyvern Theatre,europe/unitedkingdom/england/bristol_plymouth_and_the_south_west/swindon/wyvern_theatre,0.364,15.948,15.565,has_external_url,http://www.waterpark.org/,https://en.wikivoyage.org/wiki/Swindon
northamerica/unitedstates/massachusetts/concord,Concord,Concord (Massachusetts),7,55,do,Great Meadows National Wildlife Refuge,0.93,candidate,has coordinates; has description; high-value type; has external URL; strong travel term,42.4751,-71.3296,Ralph Waldo Emerson House,northamerica/unitedstates/massachusetts/concord/emerson_house,0.317,2.294,2.275,has_external_url,https://www.fws.gov/refuge/great-meadows,https://en.wikivoyage.org/wiki/Concord_%28Massachusetts%29
northamerica/unitedstates/washington/olympicnationalpark,Olympic National Park,Olympic National Park,10,49,see,Elwha,0.93,candidate,has coordinates; has description; high-value type; has external URL; strong travel term,48.0166,-123.594,Ruby Beach,northamerica/unitedstates/washington/olympicnationalpark/ruby_beach,0.267,70.066,8.829,has_external_url,https://www.nps.gov/olym/planyourvisit/visiting-the-elwha.htm,https://en.wikivoyage.org/wiki/Olympic_National_Park
asia/india/rajasthan/udaipur,Udaipur,Udaipur,47,77,see,Udaipur Solar Observatory,0.93,candidate,has coordinates; has description; high-value type; has external URL; strong travel term,24.604589,73.674189,Fateh Sagar Lake,asia/india/rajasthan/udaipur/fateh_sagar_lake,0.431,0.569,3.128,has_external_url,http://www.prl.res.in/~uso/,https://en.wikivoyage.org/wiki/Udaipur
europe/finland/rovaniemi,Rovaniemi,Rovaniemi,8,183,do,KesäRafla summer restaurant and sauna,0.93,candidate,has coordinates; has description; high-value type; has external URL; strong travel term,66.51116,25.78885,Santa Claus Village,europe/finland/rovaniemi/santa_claus_village,0.321,4.418,2.762,has_external_url,https://www.laplandhotels.com/EN/hotels-in-lapland/rovaniemi/lapland-hotels-ounasvaara-chalets/summer-restaurant-sauna.html,https://en.wikivoyage.org/wiki/Rovaniemi
europe/denmark/silkeborg,Silkeborg,Silkeborg,8,26,do,Go swimming,0.93,candidate,has coordinates; has description; high-value type; has external URL; strong travel term,56.147916,9.55626,Old Town Hall,europe/denmark/silkeborg/old_town_hall,0.333,2.414,2.431,has_external_url,https://www.silkeborg.com/ln-int/silkeborg/lake-beaches,https://en.wikivoyage.org/wiki/Silkeborg
europe/spain/northernspain/santiagodecompostela,Santiago de Compostela,Santiago de Compostela,0,32,see,Fundación Eugenio Granell,0.93,candidate,has coordinates; has description; high-value type; has external URL; strong travel term,42.8777,-8.5449,,,0.0,,0.056,has_external_url,https://www.fundacion-granell.gal,https://en.wikivoyage.org/wiki/Santiago_de_Compostela
europe/hungary/szentendre,Szentendre,Szentendre,13,49,see,Caprice - Jewelry,0.93,candidate,has coordinates; has description; high-value type; has external URL; strong travel term,47.648,19.06956,Margit Kovács Museum,europe/hungary/szentendre/margit_kovacs_museum,0.286,2.292,2.25,has_external_url,http://www.caprice.co.hu/en/home,https://en.wikivoyage.org/wiki/Szentendre
australiaandpacific/newzealand/south_island/otago/invercargill,Invercargill,Invercargill,7,13,see,Awarua Communications Museum,0.93,candidate,has coordinates; has description; high-value type; has external URL; strong travel term,-46.50458,168.37265,Te Unua Museum of Southland,australiaandpacific/newzealand/south_island/otago/invercargill/te_unua_museum,0.4,11.151,10.263,has_external_url,https://www.awaruamuseum.co.nz/,https://en.wikivoyage.org/wiki/Invercargill
europe/unitedkingdom/england/bristol_plymouth_and_the_south_west/bath,Bath,Bath,20,96,see,Beckford's Tower & Museum,0.93,candidate,has coordinates; has description; high-value type; has external URL; strong travel term,51.406944,-2.380278,Holburne Museum,europe/unitedkingdom/england/bristol_plymouth_and_the_south_west/bath/holburne_museum,0.476,3.194,3.181,has_external_url,http://beckfordstower.org.uk,https://en.wikivoyage.org/wiki/Bath
europe/greece/philippi,Philippi,Philippi,9,18,see,Lydia,0.93,candidate,has coordinates; has description; high-value type; has external URL; strong travel term,41.02088,24.27681,Baptistery of Lydia,europe/greece/philippi/baptistery_of_lydia,0.417,1.907,1.037,has_external_url,http://www.religiousgreece.gr/web/guest/synchrona-proskynemata/-/asset_publisher/zHMDlQGqauWW/content/iero-proskynema-agias-lydias-philippesias,https://en.wikivoyage.org/wiki/Philippi
asia/china/hainanisland/haikou,Haikou,Haikou,11,64,do,Changying Wonderland,0.93,candidate,has coordinates; has description; high-value type; has external URL; strong travel term,19.98349196778205,110.19038030051128,Xiuying Fort,asia/china/hainanisland/haikou/xiuying_fort,0.438,13.173,6.998,has_external_url,http://www.changying100.com/,https://en.wikivoyage.org/wiki/Haikou
europe/poland/bochnia,Bochnia,Bochnia,6,12,see,Butterfly Museum Arthropoda,0.93,candidate,has coordinates; has description; high-value type; has external URL; strong travel term,49.970282,20.4238166,Stanisław Fischer Museum,europe/poland/bochnia/museum_of_stanislaw_fischer,0.548,0.452,0.492,has_external_url,http://www.muzeummotyli.com/,https://en.wikivoyage.org/wiki/Bochnia
northamerica/unitedstates/massachusetts/newbedford,New Bedford,New Bedford,7,23,see,Buttonwood Park Zoo,0.93,candidate,has coordinates; has description; high-value type; has external URL; strong travel term,41.63,-70.9527,New Bedford Art Museum,northamerica/unitedstates/massachusetts/newbedford/new_bedford_art_museum,0.39,2.213,1.685,has_external_url,http://www.bpzoo.org/,https://en.wikivoyage.org/wiki/New_Bedford
europe/slovakia/kremnica,Kremnica,Kremnica,6,20,do,Skalka ski center,0.93,candidate,has coordinates; has description; high-value type; has external URL; strong travel term,48.7392,18.9951,Krahule Ski Resort,europe/slovakia/kremnica/krahule_ski_resort,0.514,4.883,6.896,has_external_url,http://www.skalkaarena.sk/,https://en.wikivoyage.org/wiki/Kremnica
australiaandpacific/australia/newsouthwales/brokenhill,Broken Hill,Broken Hill,12,17,see,Mad Max 2 Museum,0.93,candidate,has coordinates; has description; high-value type; has external URL; strong travel term,-31.888389,141.222361,Seppelts Warehouse,australiaandpacific/australia/newsouthwales/brokenhill/seppelts_warehouse,0.294,24.075,23.207,has_external_url,https://www.facebook.com/MadMaxMuseum/,https://en.wikivoyage.org/wiki/Broken_Hill
asia/china/guizhou/zunyi,Zunyi,Zunyi,6,16,see,Zunyi Art Museum,0.93,candidate,has coordinates; has description; high-value type; has external URL; strong travel term,27.72331016876701,107.04109671393873,Zunyi Old Town,asia/china/guizhou/zunyi/zunyi_old_town,0.467,10.776,10.776,has_external_url,https://www.zysmsg.cn/,https://en.wikivoyage.org/wiki/Zunyi
asia/china/hunan/zhuzhou,Zhuzhou,Zhuzhou,4,48,do,Zhuzhou Fantawild adventure theme park,0.93,candidate,has coordinates; has description; high-value type; has external URL; strong travel term,27.989037,113.189823,Zhuzhou Television Tower,asia/china/hunan/zhuzhou/zhuzhou_television_tower,0.484,20.089,17.025,has_external_url,http://zhuzhou.fangte.com/,https://en.wikivoyage.org/wiki/Zhuzhou
asia/israel/eliat,Eilat,Eilat,1,35,do,SPNI's Eilat Hiking Division,0.93,candidate,has coordinates; has description; high-value type; has external URL; strong travel term,29.50949,34.92076,The Red Sea Star,asia/israel/eliat/the_red_sea_star,0.3,5.288,6.022,has_external_url,http://teva.org.il/english/?CategoryID=190&ArticleID=103,https://en.wikivoyage.org/wiki/Eilat
asia/china/sichuanprovince/chengdu,Chengdu,Chengdu,44,95,see,A Thousand Plateaus Art Space,0.93,candidate,has coordinates; has description; high-value type; has external URL; strong travel term,30.55881,104.04697,Chengdu Art Museum,asia/china/sichuanprovince/chengdu/chengdu_art_museum,0.444,11.862,2.455,has_external_url,http://www.1000plateaus.org,https://en.wikivoyage.org/wiki/Chengdu
europe/russia/kaliningrad,Kaliningrad,Kaliningrad,9,42,see,Kaliningrad Regional Museum of History and Arts,0.93,candidate,has coordinates; has description; high-value type; has external URL; strong travel term,54.71375,20.518522,Kaliningrad Zoo,europe/russia/kaliningrad/kaliningrad_zoo,0.452,2.226,0.694,has_external_url,https://koihm.ru/english/,https://en.wikivoyage.org/wiki/Kaliningrad
northamerica/unitedstates/newmexico/farmington,Farmington,Farmington (New Mexico),7,16,see,Aztec Museum & Pioneer Village,0.93,candidate,has coordinates; has description; high-value type; has external URL; strong travel term,36.82347,-107.99482,Aztec Ruins National Monument,northamerica/unitedstates/newmexico/farmington/aztec_ruins_national_monument,0.459,1.465,22.585,has_external_url,https://aztecmuseum.org/,https://en.wikivoyage.org/wiki/Farmington_%28New_Mexico%29
asia/china/liaoning/shenyang,Shenyang,Shenyang,6,59,see,Liaoning Provincial Museum,0.93,candidate,has coordinates; has description; high-value type; has external URL; strong travel term,41.6758,123.4544,Zhaoling Tomb (North Tomb),asia/china/liaoning/shenyang/zhaoling_tomb,0.41,20.974,14.27,has_external_url,https://www.lnmuseum.com.cn,https://en.wikivoyage.org/wiki/Shenyang
europe/belarus/minsk,Minsk,Minsk,27,78,see,Ozertso - Open Air Museum of Rural Architecture and Life,0.93,candidate,has coordinates; has description; high-value type; has external URL; strong travel term,53.8345,27.3742,Museum of Stones,europe/belarus/minsk/museum_of_stones,0.371,19.591,14.438,has_external_url,http://www.etna.by/,https://en.wikivoyage.org/wiki/Minsk
northamerica/canada/ontario/niagara_on_the_lake,Niagara-on-the-Lake,Niagara-on-the-Lake,6,58,see,Mackenzie Printery and Newspaper Museum,0.93,candidate,has coordinates; has description; high-value type; has external URL; strong travel term,43.162334,-79.053614,Reif Estate Winery,northamerica/canada/ontario/niagara_on_the_lake/reif_estate_winery,0.316,6.18,10.482,has_external_url,https://www.niagaraparks.com/visit/heritage/mackenzie-printery/,https://en.wikivoyage.org/wiki/Niagara-on-the-Lake
asia/india/maharashtra/thane,Thane,Thane,4,32,do,Tikuji-Ni-Wadi,0.93,candidate,has coordinates; has description; high-value type; has external URL; strong travel term,19.237,72.9695,Kopineshwar Mandir,asia/india/maharashtra/thane/kopineshwar_temple,0.438,4.956,2.267,has_external_url,http://www.tikuji-ni-wadi.com,https://en.wikivoyage.org/wiki/Thane
asia/china/shaanxi/shenmu,Shenmu,Shenmu,2,5,see,Erlangshan Scenic Area,0.93,candidate,has coordinates; has description; high-value type; has external URL; strong travel term,38.820311,110.475173,Lake Hongjiannao,asia/china/shaanxi/shenmu/lake_hongjiannao,0.421,59.884,2.415,has_external_url,http://www.elsjq.com/,https://en.wikivoyage.org/wiki/Shenmu
asia/india/tamilnadu/madurai,Madurai,Madurai,14,28,see,Kazimar Big Mosque and Maqbara,0.93,candidate,has coordinates; has description; high-value type; has external URL; strong travel term,9.91275,78.1142,Famous Jigarthanda,asia/india/tamilnadu/madurai/famous_jigarthanda,0.375,1.218,1.486,has_external_url,http://www.maqbara.com,https://en.wikivoyage.org/wiki/Madurai
asia/china/hebei/chengde,Chengde,Chengde,9,11,see,Chengde Museum,0.93,candidate,has coordinates; has description; high-value type; has external URL; strong travel term,41.006474,117.943841,Putuo Zongcheng Temple,asia/china/hebei/chengde/putuo_zongcheng_temple,0.444,1.66,6.295,has_external_url,http://www.chdmuseum.cn/,https://en.wikivoyage.org/wiki/Chengde
northamerica/unitedstates/california/burlingame,Burlingame,Burlingame,4,32,do,Crystal Springs Regional Trail,0.93,candidate,has coordinates; has description; high-value type; has external URL; strong travel term,37.58896,-122.41295,Coyote Point Recreation Area,northamerica/unitedstates/california/burlingame/coyote_point,0.517,7.653,5.909,has_external_url,https://www.smcgov.org/parks/crystal-springs-regional-trail,https://en.wikivoyage.org/wiki/Burlingame
europe/ireland/sligo,Sligo,Sligo,17,38,see,Parke's Castle,0.93,candidate,has coordinates; has description; high-value type; has external URL; strong travel term,54.2647,-8.3344,Medb's Cairn,europe/ireland/sligo/medbs_cairn,0.462,15.244,9.176,has_external_url,https://heritageireland.ie/visit/places-to-visit/parkes-castle/,https://en.wikivoyage.org/wiki/Sligo
